jaccard,kendall_tau,risk
0.0,-0.06719367951154709,0.17477572
0.0,-0.05138339847326279,0.11798302
0.0,-0.27272728085517883,0.18503718
0.0,-0.0988142266869545,0.21232124
0.2,0.0988142266869545,0.022041425
0.2,-0.011857707053422928,0.67428625
0.0,-0.06719367951154709,0.097431175
0.0,0.12252964079380035,0.025060833
0.2,0.17786560952663422,0.098033234
0.0,-0.0988142266869545,0.09271611
0.2,0.07509881258010864,0.24912122
0.2,0.043478261679410934,0.36330122
0.2,0.0830039530992508,0.28548488
0.0,-0.1462450623512268,0.13463683
0.0,-0.035573121160268784,0.065585986
0.5,0.47035571932792664,0.50801337
0.0,-0.13833992183208466,0.026115967
0.2,-0.1620553433895111,0.42645302
0.0,-0.07509881258010864,0.06809282
0.2,-0.06719367951154709,0.20193668
0.2,0.07509881258010864,0.0319841
0.2,0.05138339847326279,0.142051
0.2,0.07509881258010864,0.10504599
0.2,0.035573121160268784,0.12181196
0.2,0.24110671877861023,0.22025396
0.0,-0.1304347813129425,0.21109742
0.0,0.1462450623512268,0.15231308
0.2,0.2648221254348755,0.048076447
1.0,0.573122501373291,0.77511317
0.2,0.24901185929775238,0.42575222
0.2,0.30434781312942505,0.24551842
0.0,0.0830039530992508,0.14005955
0.5,0.4624505937099457,0.8062523
0.0,-0.02766798436641693,0.15531726
0.0,-0.27272728085517883,0.08962163
0.0,-0.043478261679410934,0.0907854
0.0,0.13833992183208466,0.09731049
0.0,0.09090909361839294,0.092109635
0.2,0.27272728085517883,0.08111301
0.5,0.035573121160268784,0.53667367
0.0,0.07509881258010864,0.12373387
0.2,0.16996046900749207,0.7039035
0.0,0.09090909361839294,0.19960555
0.0,-0.10671936720609665,0.096693054
0.0,-0.043478261679410934,0.11540438
0.0,-0.21739129722118378,0.08009852
0.0,0.035573121160268784,0.121963575
0.5,0.3913043439388275,0.6380362
0.0,0.003952569328248501,0.086403266
0.2,0.35177865624427795,0.2900693
0.0,0.01976284570991993,0.3004088
0.2,0.35177865624427795,0.059804678
0.2,0.4545454680919647,0.7693825
0.2,0.28853756189346313,0.7435859
0.2,0.21739129722118378,0.23306298
0.0,0.07509881258010864,0.045880664
0.0,-0.13833992183208466,0.16381301
0.0,0.13833992183208466,0.03380486
0.2,0.3280632495880127,0.027903123
1.0,0.6047430634498596,0.8178611
0.2,0.09090909361839294,0.12327365
0.5,0.16996046900749207,0.5961922
0.5,0.043478261679410934,0.30673495
0.0,0.1304347813129425,0.10451255
0.5,0.17786560952663422,0.18470484
0.0,-0.043478261679410934,0.09081896
0.2,0.1462450623512268,0.40229982
0.2,0.28853756189346313,0.27115512
0.0,-0.15415020287036896,0.05359326
0.2,0.035573121160268784,0.09210494
0.2,-0.1146245077252388,0.14241542
0.0,0.02766798436641693,0.08064497
0.0,0.1304347813129425,0.025162416
0.2,0.12252964079380035,0.49677092
0.0,-0.1146245077252388,0.08392235
0.2,0.035573121160268784,0.21269304
0.0,0.18577075004577637,0.076265596
0.0,0.16996046900749207,0.074719936
0.2,0.21739129722118378,0.21652225
0.0,-0.1304347813129425,0.088283285
0.5,0.39920949935913086,0.6243588
0.2,-0.043478261679410934,0.068288825
0.5,0.17786560952663422,0.29797652
0.0,-0.1304347813129425,0.18365818
0.2,0.0988142266869545,0.36493456
0.0,0.011857707053422928,0.273541
0.5,0.18577075004577637,0.6583963
0.0,-0.21739129722118378,0.113329306
0.0,0.011857707053422928,0.103645556
0.0,0.043478261679410934,0.18311688
0.2,0.17786560952663422,0.11051772
0.0,0.043478261679410934,0.18116276
0.2,0.07509881258010864,0.10850944
1.0,0.343873530626297,0.7814287
0.2,0.05928853899240494,0.43950203
0.5,0.22529643774032593,0.20635541
0.2,0.13833992183208466,0.19117768
0.5,0.16996046900749207,0.41194502
0.2,0.24901185929775238,0.35986578
0.0,0.06719367951154709,0.045711707
0.5,0.30434781312942505,0.1881422
0.0,0.09090909361839294,0.22952119
0.0,0.0830039530992508,0.12813771
0.0,-0.0988142266869545,0.08399098
0.2,0.13833992183208466,0.21020822
0.0,0.05928853899240494,0.2018871
0.0,0.1304347813129425,0.2631588
0.0,-0.07509881258010864,0.064795025
0.0,0.16996046900749207,0.08987647
0.2,0.13833992183208466,0.108710766
0.0,0.33596837520599365,0.31383166
0.2,0.02766798436641693,0.26061547
0.2,0.003952569328248501,0.1803912
0.0,-0.0988142266869545,0.13321027
0.0,0.0830039530992508,0.118138656
0.2,0.035573121160268784,0.15698294
0.0,0.10671936720609665,0.21937929
0.2,0.05138339847326279,0.22543046
0.0,0.13833992183208466,0.09264638
0.5,0.343873530626297,0.70294315
0.0,0.06719367951154709,0.0368429
0.0,-0.01976284570991993,0.18050492
0.5,0.05138339847326279,0.58027184
0.0,-0.011857707053422928,0.13971666
0.0,-0.20158103108406067,0.056031615
0.0,-0.19367589056491852,0.06981143
0.2,0.01976284570991993,0.1095029
0.2,0.4150197505950928,0.74457717
0.2,0.33596837520599365,0.14116655
0.2,0.39920949935913086,0.4283816
0.5,0.4624505937099457,0.61092395
0.2,0.35177865624427795,0.42644683
0.0,-0.02766798436641693,0.0507716
0.2,0.1304347813129425,0.07479076
0.5,0.24110671877861023,0.89151084
0.0,0.043478261679410934,0.08987822
0.2,0.4150197505950928,0.3182754
0.2,0.3596837818622589,0.08601505
0.2,0.18577075004577637,0.10603886
0.0,0.01976284570991993,0.05149615
0.2,0.09090909361839294,0.02786215
0.0,0.06719367951154709,0.20012073
0.5,0.2964426875114441,0.7661059
0.0,-0.07509881258010864,0.124436766
0.2,0.24901185929775238,0.043655083
0.0,0.035573121160268784,0.16880181
0.5,0.1462450623512268,0.77042353
0.0,-0.16996046900749207,0.027205553
0.0,-0.035573121160268784,0.08971998
0.2,0.035573121160268784,0.30308563
0.2,0.0830039530992508,0.56886244
0.2,0.035573121160268784,0.17134233
0.2,0.12252964079380035,0.18488078
0.0,0.0988142266869545,0.11244332
0.5,0.30434781312942505,0.7562857
0.0,0.01976284570991993,0.04106552
0.0,0.1462450623512268,0.04506764
0.2,0.05138339847326279,0.07132605
0.2,0.05138339847326279,0.18428984
0.2,-0.06719367951154709,0.22895682
0.5,0.043478261679410934,0.3183474
0.2,0.25691699981689453,0.87819463
0.2,0.17786560952663422,0.10524033
0.2,-0.17786560952663422,0.11963241
0.0,-0.1304347813129425,0.097977355
0.5,0.12252964079380035,0.27339667
0.0,-0.0988142266869545,0.0368272
0.2,0.23320157825946808,0.05887857
0.0,0.1304347813129425,0.1446288
0.0,0.011857707053422928,0.13497691
0.5,0.17786560952663422,0.10254231
0.2,0.011857707053422928,0.34223297
0.0,-0.011857707053422928,0.16657776
0.2,0.043478261679410934,0.040338885
0.0,-0.09090909361839294,0.14125036
0.2,0.39920949935913086,0.7540907
0.0,0.06719367951154709,0.24361387
0.2,0.3596837818622589,0.19585112
0.0,-0.15415020287036896,0.123134695
0.2,0.19367589056491852,0.3154634
0.2,0.003952569328248501,0.36333597
0.0,-0.043478261679410934,0.27500504
0.0,-0.043478261679410934,0.22879806
0.5,0.48616600036621094,0.81260204
0.2,0.28853756189346313,0.173042
0.0,0.10671936720609665,0.15002364
0.0,0.003952569328248501,0.07824473
0.5,0.2806324064731598,0.60869074
0.2,-0.011857707053422928,0.1937932
0.0,-0.05928853899240494,0.11558405
0.2,0.2964426875114441,0.31937617
0.0,0.24110671877861023,0.016048653
0.0,-0.18577075004577637,0.041500933
0.2,-0.003952569328248501,0.24334465
0.0,-0.01976284570991993,0.31227988
0.5,0.0830039530992508,0.31337446
0.2,0.02766798436641693,0.084104024
0.0,0.01976284570991993,0.016185034
0.2,0.0988142266869545,0.12549743
0.2,-0.01976284570991993,0.100138985
0.0,-0.06719367951154709,0.08393008
0.5,0.35177865624427795,0.51269454
0.0,0.13833992183208466,0.178901
0.0,0.0988142266869545,0.05935783
1.0,0.6126482486724854,0.7966717
0.2,0.1462450623512268,0.13846342
0.0,0.01976284570991993,0.21121682
0.2,0.011857707053422928,0.16859683
0.0,0.02766798436641693,0.12732667
0.5,0.2648221254348755,0.5365127
1.0,0.47826087474823,0.7848887
0.0,0.02766798436641693,0.32759172
0.5,0.3280632495880127,0.3920517
0.5,0.20948617160320282,0.3897419
0.0,0.01976284570991993,0.0912307
0.2,0.28853756189346313,0.25863984
1.0,0.48616600036621094,0.74312586
0.2,0.1462450623512268,0.6882894
0.2,0.05138339847326279,0.061722737
0.0,-0.011857707053422928,0.15838961
0.2,0.0830039530992508,0.16150448
0.2,0.3754940629005432,0.12303994
0.0,0.0830039530992508,0.11072538
0.2,0.2648221254348755,0.26165244
0.0,0.05928853899240494,0.08887895
0.0,-0.07509881258010864,0.17132252
0.2,0.10671936720609665,0.29074943
0.5,0.4150197505950928,0.71245396
0.2,0.5019763112068176,0.06093038
0.0,0.10671936720609665,0.23310503
0.2,0.1462450623512268,0.3355122
0.0,0.011857707053422928,0.06737608
0.0,0.01976284570991993,0.033499036
0.0,0.011857707053422928,0.13721663
0.0,-0.011857707053422928,0.014877844
0.0,0.12252964079380035,0.114558205
0.5,0.25691699981689453,0.72668046
0.2,0.19367589056491852,0.07182241
0.0,0.20158103108406067,0.06490518
0.0,-0.043478261679410934,0.10040018
0.2,0.32015809416770935,0.14411251
0.2,0.1146245077252388,0.2569228
0.2,0.06719367951154709,0.28975597
0.0,-0.05928853899240494,0.091564216
0.0,0.12252964079380035,0.0743457
0.2,-0.043478261679410934,0.36966187
0.2,0.35177865624427795,0.118680105
0.0,0.05138339847326279,0.06853766
0.0,0.1304347813129425,0.1025628
0.0,-0.043478261679410934,0.14519979
0.0,0.19367589056491852,0.047824234
0.2,0.1620553433895111,0.24822685
0.0,-0.15415020287036896,0.040936295
0.0,-0.19367589056491852,0.06672278
0.0,0.043478261679410934,0.17737183
0.5,0.4150197505950928,0.72393024
0.5,0.24110671877861023,0.46000323
0.2,0.10671936720609665,0.10183464
0.0,0.05138339847326279,0.11275391
0.5,0.3754940629005432,0.08510378
0.2,0.17786560952663422,0.23223987
0.2,0.2806324064731598,0.10319501
0.5,0.1146245077252388,0.34032708
0.0,0.17786560952663422,0.12039606
0.2,0.2806324064731598,0.6627521
0.2,0.28853756189346313,0.32972813
0.0,0.1462450623512268,0.08738865
0.2,-0.011857707053422928,0.09116985
0.2,-0.01976284570991993,0.34516844
0.2,-0.011857707053422928,0.072085254
0.0,-0.01976284570991993,0.24492463
0.2,-0.07509881258010864,0.56536454
0.2,0.17786560952663422,0.16268016
0.2,0.01976284570991993,0.15145434
0.2,0.12252964079380035,0.046304513
0.2,0.17786560952663422,0.08435316
0.5,0.21739129722118378,0.45043448
0.5,0.24901185929775238,0.27103296
0.0,0.011857707053422928,0.16457132
0.0,0.2806324064731598,0.07721313
0.5,0.25691699981689453,0.7265696
0.0,-0.09090909361839294,0.16966207
0.5,0.4150197505950928,0.76467675
0.2,-0.05138339847326279,0.11699267
0.5,0.24901185929775238,0.7634205
0.0,-0.0988142266869545,0.1588506
0.5,0.1462450623512268,0.16072835
0.0,0.18577075004577637,0.240084
0.5,0.24110671877861023,0.27164876
0.2,0.20158103108406067,0.19884504
0.0,-0.07509881258010864,0.057425868
0.5,0.3754940629005432,0.70084226
0.5,0.16996046900749207,0.34715053
0.5,0.47826087474823,0.6688806
0.2,0.07509881258010864,0.10988537
0.0,-0.06719367951154709,0.12352466
0.0,0.06719367951154709,0.17337295
0.2,0.2648221254348755,0.4164786
0.0,0.10671936720609665,0.16787624
0.5,0.13833992183208466,0.14388353
0.0,-0.02766798436641693,0.07132161
0.2,0.1304347813129425,0.5746928
0.0,-0.09090909361839294,0.16834834
1.0,0.35177865624427795,0.583626
0.2,0.12252964079380035,0.14996818
0.5,0.24110671877861023,0.18792239
0.0,-0.01976284570991993,0.08995052
0.0,-0.01976284570991993,0.22567649
0.0,0.09090909361839294,0.058740146
1.0,0.4229249060153961,0.49798718
0.2,0.1146245077252388,0.09952975
0.5,0.24110671877861023,0.28714716
0.0,0.0830039530992508,0.15661874
0.2,0.17786560952663422,0.012075854
0.2,0.32015809416770935,0.7269636
0.0,-0.28853756189346313,0.08952454
0.0,-0.13833992183208466,0.023256948
0.5,0.25691699981689453,0.092859514
0.2,0.20948617160320282,0.54681957
0.2,0.22529643774032593,0.38738108
0.2,0.12252964079380035,0.13220805
0.5,0.09090909361839294,0.76382196
0.2,0.02766798436641693,0.20507656
0.0,-0.035573121160268784,0.08350885
0.2,0.043478261679410934,0.08582343
0.2,0.02766798436641693,0.2376764
0.5,0.05928853899240494,0.20045288
0.2,0.003952569328248501,0.30248156
0.2,0.4466403126716614,0.47526753
0.0,-0.02766798436641693,0.08392088
0.2,0.1304347813129425,0.22127771
0.0,-0.23320157825946808,0.11789378
0.0,-0.01976284570991993,0.050214127
0.2,0.043478261679410934,0.38053024
0.0,0.1146245077252388,0.05776685
0.5,0.3280632495880127,0.8111507
0.2,0.043478261679410934,0.63899475
0.0,-0.011857707053422928,0.16582768
0.0,-0.05928853899240494,0.08434564
0.0,0.09090909361839294,0.08249296
0.5,0.2806324064731598,0.61095315
0.0,-0.02766798436641693,0.052552197
0.2,-0.20158103108406067,0.13808563
0.2,0.09090909361839294,0.33119375
0.0,0.22529643774032593,0.034910854
1.0,0.17786560952663422,0.08279819
0.5,0.12252964079380035,0.25892714
0.0,-0.0830039530992508,0.08140018
0.2,-0.0988142266869545,0.06486094
0.2,0.24901185929775238,0.43914226
0.2,0.05928853899240494,0.1345522
0.0,-0.15415020287036896,0.08475686
0.0,-0.05928853899240494,0.05453132
0.2,0.1462450623512268,0.17612872
0.0,0.15415020287036896,0.09776752
0.2,0.21739129722118378,0.7090923
0.2,0.1146245077252388,0.18856044
0.0,0.0830039530992508,0.09061775
0.5,0.1462450623512268,0.38827312
0.0,0.02766798436641693,0.10516756
0.5,0.28853756189346313,0.7817075
0.2,0.09090909361839294,0.3815734
0.5,0.2648221254348755,0.44587782
0.5,0.4229249060153961,0.7473968
0.0,0.13833992183208466,0.05417709
0.0,-0.2648221254348755,0.18498194
1.0,0.3913043439388275,0.7042689
0.2,-0.011857707053422928,0.052323937
0.5,0.25691699981689453,0.1023628
0.0,-0.12252964079380035,0.09287494
0.2,-0.035573121160268784,0.120611876
1.0,0.2964426875114441,0.78335357
0.5,0.2806324064731598,0.6684094
0.0,-0.20158103108406067,0.038322248
0.2,0.20948617160320282,0.12253016
0.0,-0.02766798436641693,0.025273014
0.0,-0.0988142266869545,0.055578705
0.2,-0.01976284570991993,0.13658832
0.0,0.13833992183208466,0.20902388
0.2,0.13833992183208466,0.100757524
0.2,0.17786560952663422,0.1971479
0.0,0.10671936720609665,0.10646929
0.0,-0.23320157825946808,0.04130465
0.0,0.19367589056491852,0.08655135
0.2,-0.06719367951154709,0.15285178
1.0,0.5019763112068176,0.82715684
0.0,0.07509881258010864,0.21356004
0.2,0.4466403126716614,0.46161672
0.2,0.36758893728256226,0.17760827
0.0,-0.13833992183208466,0.048722368
0.5,0.17786560952663422,0.06799301
0.2,0.3280632495880127,0.47517002
0.0,-0.043478261679410934,0.049708977
0.0,-0.30434781312942505,0.044134717
0.2,-0.011857707053422928,0.28459692
0.2,0.13833992183208466,0.13679169
0.0,0.01976284570991993,0.117998265
0.5,0.3280632495880127,0.6213282
0.2,0.30434781312942505,0.81402314
0.0,-0.003952569328248501,0.124085575
0.2,0.10671936720609665,0.18190189
0.2,-0.1146245077252388,0.111985594
0.0,-0.1146245077252388,0.16712162
0.2,0.05138339847326279,0.60036427
0.0,-0.01976284570991993,0.10064945
0.2,0.1304347813129425,0.11929397
0.2,0.0988142266869545,0.13132435
0.0,-0.1304347813129425,0.12757315
0.2,0.4545454680919647,0.45092925
0.0,-0.2648221254348755,0.17287847
0.5,0.343873530626297,0.10240913
0.5,0.06719367951154709,0.153331
0.2,0.1620553433895111,0.37979802
0.0,0.0988142266869545,0.08833678
0.5,0.05928853899240494,0.11398539
0.5,0.27272728085517883,0.7913014
0.0,0.28853756189346313,0.1766633
0.2,0.1620553433895111,0.2415806
0.2,0.20948617160320282,0.2311167
0.0,-0.1462450623512268,0.10724297
0.2,0.1620553433895111,0.100656085
0.5,0.3913043439388275,0.74155086
0.2,-0.02766798436641693,0.12970942
0.0,0.20948617160320282,0.106007226
0.0,-0.02766798436641693,0.2946167
0.2,0.003952569328248501,0.105547756
0.2,0.1462450623512268,0.123518035
0.0,0.24110671877861023,0.11694616
0.0,0.003952569328248501,0.039157916
0.2,0.10671936720609665,0.11911232
0.0,-0.011857707053422928,0.18322608
0.0,-0.01976284570991993,0.106429875
0.5,0.21739129722118378,0.7637278
0.2,0.23320157825946808,0.0755369
0.0,-0.07509881258010864,0.06713386
0.0,0.043478261679410934,0.051725104
0.2,0.05138339847326279,0.1212458
0.2,0.24110671877861023,0.32974064
0.0,0.05928853899240494,0.108086675
0.2,0.20948617160320282,0.21284027
0.0,-0.05928853899240494,0.109096475
0.5,0.5889328122138977,0.7611393
0.0,-0.12252964079380035,0.083105884
0.0,-0.24110671877861023,0.061438974
0.0,0.10671936720609665,0.121019036
0.5,0.07509881258010864,0.6776834
0.5,0.3280632495880127,0.7640015
0.2,0.2964426875114441,0.03167973
0.5,0.38339921832084656,0.46434054
0.2,0.003952569328248501,0.14379068
0.0,0.011857707053422928,0.3611031
0.5,0.27272728085517883,0.6525376
0.0,-0.06719367951154709,0.13776295
0.0,0.15415020287036896,0.21264352
0.5,0.21739129722118378,0.74549395
0.5,0.27272728085517883,0.25508592
0.0,0.1146245077252388,0.047019072
0.0,0.13833992183208466,0.11147901
0.0,0.02766798436641693,0.10827962
0.0,0.05928853899240494,0.11642151
0.0,0.38339921832084656,0.57783693
0.0,0.003952569328248501,0.12771437
0.5,0.10671936720609665,0.072871804
0.5,0.2964426875114441,0.12500662
0.0,-0.05138339847326279,0.12258094
0.2,0.043478261679410934,0.15550545
0.0,0.01976284570991993,0.09018247
0.0,0.011857707053422928,0.17592685
0.2,0.28853756189346313,0.14802413
0.5,0.5098814368247986,0.9278752
0.0,-0.1304347813129425,0.0800556
0.2,0.18577075004577637,0.1519415
0.2,0.05138339847326279,0.32233107
0.0,0.05138339847326279,0.048387915
0.5,0.3122529685497284,0.4259495
0.0,-0.003952569328248501,0.072258376
0.2,-0.011857707053422928,0.074429914
0.2,0.343873530626297,0.41263545
0.0,0.0988142266869545,0.21142112
0.2,0.22529643774032593,0.14727198
0.5,0.4466403126716614,0.57268524
0.0,0.05138339847326279,0.04430816
0.0,-0.01976284570991993,0.0962777
0.0,-0.035573121160268784,0.058081616
0.0,0.12252964079380035,0.135245
0.2,0.0830039530992508,0.03131431
0.2,0.13833992183208466,0.1587776
0.5,-0.003952569328248501,0.17785323
0.2,0.16996046900749207,0.60202336
0.2,0.13833992183208466,0.119515166
0.0,-0.07509881258010864,0.04467099
0.0,0.25691699981689453,0.041165806
0.0,-0.07509881258010864,0.12100685
0.5,0.2964426875114441,0.6968043
0.0,-0.09090909361839294,0.14338887
0.0,0.02766798436641693,0.26004547
0.2,0.16996046900749207,0.06419672
0.0,0.06719367951154709,0.069982484
0.2,0.09090909361839294,0.32207134
0.0,0.011857707053422928,0.3598219
0.0,0.21739129722118378,0.51167136
0.0,-0.0830039530992508,0.19795452
0.0,-0.043478261679410934,0.054805174
0.0,-0.1304347813129425,0.07281305
0.5,0.3913043439388275,0.63539153
0.0,-0.1304347813129425,0.06547549
0.2,0.4150197505950928,0.26028466
0.0,0.011857707053422928,0.0885664
0.2,-0.06719367951154709,0.101538084
0.0,-0.003952569328248501,0.13553305
0.5,0.20158103108406067,0.53211504
0.2,0.0988142266869545,0.33342385
0.0,-0.13833992183208466,0.08102275
0.2,-0.011857707053422928,0.18177192
0.2,-0.05138339847326279,0.062382918
0.2,0.17786560952663422,0.459843
0.0,0.25691699981689453,0.25747204
0.0,-0.10671936720609665,0.044213742
0.2,0.01976284570991993,0.15268393
0.0,0.17786560952663422,0.23524915
0.0,0.003952569328248501,0.10526033
0.5,0.27272728085517883,0.22612822
0.2,0.15415020287036896,0.17212382
0.0,0.035573121160268784,0.039602254
0.2,0.0988142266869545,0.22157611
0.0,-0.05928853899240494,0.15698314
0.0,0.035573121160268784,0.080699146
0.5,0.27272728085517883,0.7931541
0.0,0.06719367951154709,0.037405625
0.2,0.10671936720609665,0.2930252
0.0,-0.05138339847326279,0.045530956
0.0,-0.09090909361839294,0.11839194
0.0,-0.09090909361839294,0.031645715
0.5,0.3280632495880127,0.48993167
0.2,0.16996046900749207,0.57480043
0.5,0.20948617160320282,0.5641873
0.0,0.1304347813129425,0.09437958
0.2,-0.05928853899240494,0.587078
0.5,0.19367589056491852,0.34178376
0.2,-0.05138339847326279,0.11820572
0.2,0.19367589056491852,0.52145326
0.2,0.09090909361839294,0.09288832
0.0,-0.035573121160268784,0.06891823
0.0,-0.003952569328248501,0.017553605
0.2,0.13833992183208466,0.36060697
0.5,0.15415020287036896,0.26718244
0.0,-0.05138339847326279,0.096774936
0.0,0.2648221254348755,0.036325518
0.0,-0.22529643774032593,0.18403503
0.0,-0.01976284570991993,0.08389
1.0,0.39920949935913086,0.7529424
0.5,0.16996046900749207,0.37116632
0.2,0.13833992183208466,0.12674618
0.0,-0.011857707053422928,0.06896025
0.0,0.0988142266869545,0.16159992
0.5,0.47826087474823,0.65614647
0.2,0.1462450623512268,0.19993678
0.0,0.05928853899240494,0.09383204
0.2,-0.02766798436641693,0.17855664
0.0,-0.003952569328248501,0.01722869
0.5,0.17786560952663422,0.6845509
0.0,-0.35177865624427795,0.13323076
0.2,0.06719367951154709,0.5912755
0.2,-0.1146245077252388,0.18205151
1.0,0.5494071245193481,0.8031296
0.0,0.07509881258010864,0.09129165
0.0,0.3122529685497284,0.1960367
0.0,-0.19367589056491852,0.15588814
0.2,0.1146245077252388,0.21970482
0.0,-0.21739129722118378,0.093285695
0.0,0.05928853899240494,0.10507121
0.0,0.12252964079380035,0.18037182
0.2,-0.05928853899240494,0.15390263
0.0,0.003952569328248501,0.027740682
0.0,-0.0988142266869545,0.09739539
0.2,0.33596837520599365,0.47794572
0.2,-0.011857707053422928,0.10898375
0.0,-0.02766798436641693,0.09829111
0.0,-0.043478261679410934,0.22849403
0.2,0.18577075004577637,0.10377799
0.2,-0.01976284570991993,0.18971485
0.2,0.28853756189346313,0.09001731
0.5,0.3122529685497284,0.72988564
0.5,0.10671936720609665,0.7613044
0.0,-0.0988142266869545,0.08472845
1.0,0.3280632495880127,0.54267955
0.2,-0.12252964079380035,0.12552272
0.0,0.20158103108406067,0.4122551
0.5,0.24110671877861023,0.70743656
0.5,0.09090909361839294,0.81649697
0.0,0.09090909361839294,0.13139851
0.5,0.1304347813129425,0.39639208
1.0,0.3913043439388275,0.7579481
0.2,-0.011857707053422928,0.21101
0.0,-0.02766798436641693,0.076158755
0.0,-0.05928853899240494,0.15371223
0.5,0.17786560952663422,0.10354281
0.0,-0.09090909361839294,0.21109885
0.0,-0.15415020287036896,0.1089672
0.0,-0.28853756189346313,0.11554114
0.0,-0.20158103108406067,0.08184557
0.2,0.12252964079380035,0.37989867
0.0,-0.003952569328248501,0.02595363
0.0,-0.1304347813129425,0.07771229
0.2,0.22529643774032593,0.22537856
0.2,0.06719367951154709,0.1878502
0.5,0.011857707053422928,0.26096556
0.0,-0.13833992183208466,0.0721329
0.2,0.02766798436641693,0.076435015
0.0,-0.19367589056491852,0.14888158
0.5,0.3754940629005432,0.5547677
1.0,0.3913043439388275,0.76941437
0.5,0.3596837818622589,0.84300494
0.2,-0.05928853899240494,0.06709836
0.0,-0.12252964079380035,0.11831958
0.0,0.24110671877861023,0.04714292
0.2,0.22529643774032593,0.43258622
0.0,0.0830039530992508,0.07066022
0.2,0.3596837818622589,0.35754722
0.2,0.10671936720609665,0.051491477
0.2,0.16996046900749207,0.13692828
0.0,0.011857707053422928,0.21485311
0.2,0.18577075004577637,0.26093945
0.0,-0.0988142266869545,0.102000035
0.0,0.2648221254348755,0.2625876
0.0,-0.21739129722118378,0.052373875
0.2,0.003952569328248501,0.1652987
0.2,-0.011857707053422928,0.05171954
0.2,0.0988142266869545,0.08265167
0.2,0.36758893728256226,0.17902806
0.2,0.20158103108406067,0.11487938
0.0,-0.05928853899240494,0.053723406
0.2,0.1462450623512268,0.16639023
0.5,0.33596837520599365,0.6971864
0.2,0.0830039530992508,0.21303838
0.0,0.043478261679410934,0.02860116
1.0,0.573122501373291,0.7661088
0.5,0.3754940629005432,0.8410831
0.0,0.003952569328248501,0.16835462
0.2,0.20158103108406067,0.24139723
0.2,-0.02766798436641693,0.10450976
0.2,0.3122529685497284,0.08186646
0.2,-0.043478261679410934,0.09244917
0.0,0.011857707053422928,0.08318225
0.0,-0.09090909361839294,0.16226488
0.2,-0.06719367951154709,0.2668997
0.2,0.035573121160268784,0.18130086
0.0,-0.003952569328248501,0.2822256
0.5,0.20158103108406067,0.57730633
0.0,0.1146245077252388,0.30753347
0.5,0.1620553433895111,0.62849545
0.2,0.12252964079380035,0.4134036
0.5,0.19367589056491852,0.72135246
0.2,0.05138339847326279,0.16893147
0.0,-0.1304347813129425,0.14339869
0.0,0.0830039530992508,0.06802701
0.0,-0.07509881258010864,0.05132916
0.0,-0.18577075004577637,0.09017838
0.2,-0.1620553433895111,0.17113988
0.0,0.24901185929775238,0.13329373
0.0,-0.035573121160268784,0.16630909
0.2,0.1620553433895111,0.687439
0.0,0.01976284570991993,0.20151134
0.0,-0.13833992183208466,0.036321778
0.2,0.16996046900749207,0.20824155
0.0,-0.043478261679410934,0.107642315
0.0,0.25691699981689453,0.06883081
0.2,0.05928853899240494,0.13597888
0.0,0.1462450623512268,0.057617314
0.0,0.05928853899240494,0.04461985
0.0,-0.043478261679410934,0.155321
0.0,0.07509881258010864,0.07829969
0.0,0.035573121160268784,0.33799496
0.0,0.1146245077252388,0.08243372
0.2,0.19367589056491852,0.10931471
0.5,0.043478261679410934,0.19017322
0.2,0.4071146249771118,0.33932462
0.2,0.12252964079380035,0.15425652
0.0,0.12252964079380035,0.096166395
0.2,-0.07509881258010864,0.14274386
0.0,-0.035573121160268784,0.121493064
0.5,0.20158103108406067,0.6871919
0.2,0.23320157825946808,0.066494994
0.2,0.05138339847326279,0.16011228
0.0,-0.21739129722118378,0.18927753
0.2,0.12252964079380035,0.15236881
0.5,0.343873530626297,0.02825013
0.0,0.05928853899240494,0.2573368
0.0,0.1304347813129425,0.048758704
0.5,0.3596837818622589,0.4034123
0.0,-0.1620553433895111,0.09922292
0.0,-0.15415020287036896,0.044162937
0.2,0.20158103108406067,0.041185226
0.0,-0.09090909361839294,0.087325945
0.2,-0.043478261679410934,0.33290327
0.0,0.17786560952663422,0.034306813
0.0,0.10671936720609665,0.04052761
0.2,0.17786560952663422,0.25177634
1.0,0.5256916880607605,0.85515404
0.0,-0.1146245077252388,0.044141013
0.2,-0.1146245077252388,0.17688073
0.5,0.32015809416770935,0.41082647
0.0,0.3280632495880127,0.11113452
0.0,-0.0988142266869545,0.056410436
0.0,0.17786560952663422,0.20458952
0.0,0.011857707053422928,0.14200391
0.0,0.043478261679410934,0.09876907
0.2,0.20948617160320282,0.5626976
0.0,-0.12252964079380035,0.08476662
0.2,-0.05928853899240494,0.09730569
0.0,0.07509881258010864,0.07878577
0.0,-0.1462450623512268,0.14522134
0.2,0.17786560952663422,0.19696467
0.2,0.0830039530992508,0.036771763
0.2,0.043478261679410934,0.039994564
0.2,0.15415020287036896,0.6009086
0.0,-0.043478261679410934,0.08591365
0.2,0.06719367951154709,0.083832264
0.0,-0.05928853899240494,0.1719933
0.0,-0.12252964079380035,0.11059764
0.5,0.4624505937099457,0.79112697
0.0,0.07509881258010864,0.12635046
0.0,0.05928853899240494,0.032347407
0.0,-0.043478261679410934,0.04675927
0.0,-0.05928853899240494,0.03503735
0.2,0.1620553433895111,0.04736469
0.2,-0.035573121160268784,0.14355205
0.0,-0.13833992183208466,0.081842355
0.0,0.05138339847326279,0.10012044
0.2,0.10671936720609665,0.16260977
0.0,-0.28853756189346313,0.063619085
0.0,0.003952569328248501,0.080835074
0.2,0.32015809416770935,0.18724571
0.0,0.28853756189346313,0.25867665
0.2,0.07509881258010864,0.082062475
1.0,0.30434781312942505,0.73201233
0.0,0.20158103108406067,0.31166536
0.2,-0.01976284570991993,0.15307245
0.2,0.1462450623512268,0.020068768
0.5,0.10671936720609665,0.09677388
0.0,-0.003952569328248501,0.016978838
0.2,0.05928853899240494,0.11464175
0.0,-0.003952569328248501,0.04411972
0.5,0.33596837520599365,0.5402153
0.5,0.36758893728256226,0.08509029
0.5,0.4071146249771118,0.5644445
0.0,0.035573121160268784,0.12526776
0.2,0.32015809416770935,0.17508419
0.5,0.32015809416770935,0.17452608
0.0,-0.035573121160268784,0.21608326
0.5,0.23320157825946808,0.19031478
0.2,-0.01976284570991993,0.16942495
0.2,0.0988142266869545,0.06401572
0.0,-0.0988142266869545,0.17944215
0.2,0.25691699981689453,0.1166437
0.0,-0.003952569328248501,0.036771923
0.5,0.07509881258010864,0.27025983
0.0,-0.1620553433895111,0.117292896
0.2,0.003952569328248501,0.120033264
0.0,-0.343873530626297,0.11962879
0.0,-0.06719367951154709,0.04771848
0.2,0.28853756189346313,0.46136045
0.0,0.1146245077252388,0.02081164
0.5,0.24110671877861023,0.33831543
1.0,0.25691699981689453,0.70983565
0.2,0.2648221254348755,0.039707556
0.0,-0.02766798436641693,0.06850476
0.2,0.003952569328248501,0.20060694
0.2,-0.05138339847326279,0.33880845
1.0,0.28853756189346313,0.7151668
0.0,0.02766798436641693,0.2543321
0.2,0.20158103108406067,0.084893376
0.2,0.18577075004577637,0.48544842
0.2,0.1462450623512268,0.06571586
0.0,0.15415020287036896,0.08754232
0.2,0.035573121160268784,0.2012233
0.2,-0.01976284570991993,0.25271663
0.2,0.2964426875114441,0.1094021
0.5,0.043478261679410934,0.16064341
0.0,-0.06719367951154709,0.09020059
0.0,-0.05138339847326279,0.037420496
1.0,0.19367589056491852,0.7107232
0.0,-0.13833992183208466,0.1611106
0.0,0.1146245077252388,0.21272142
0.0,-0.043478261679410934,0.12439025
0.0,0.035573121160268784,0.12650481
0.2,0.20948617160320282,0.20481443
0.2,0.0988142266869545,0.27984682
0.5,0.12252964079380035,0.20394097
0.2,0.25691699981689453,0.1415048
0.0,0.10671936720609665,0.2156909
0.2,0.12252964079380035,0.06773321
0.0,-0.07509881258010864,0.08373728
0.0,-0.13833992183208466,0.11025397
0.5,0.2806324064731598,0.8806847
0.2,0.06719367951154709,0.14075254
0.5,0.16996046900749207,0.14387539
0.0,0.0988142266869545,0.40488487
0.0,0.02766798436641693,0.18365842
0.0,-0.01976284570991993,0.09079493
0.5,0.47826087474823,0.80523586
0.2,0.035573121160268784,0.2666813
0.5,-0.035573121160268784,0.65494686
0.2,0.07509881258010864,0.049444173
0.0,-0.043478261679410934,0.17407113
0.0,0.1620553433895111,0.07527073
0.0,0.011857707053422928,0.053489845
0.0,-0.0830039530992508,0.07671044
0.5,0.16996046900749207,0.46697396
0.0,0.02766798436641693,0.16210039
0.0,0.0988142266869545,0.40737194
1.0,0.13833992183208466,0.8071642
0.0,0.25691699981689453,0.08674008
0.2,0.07509881258010864,0.13199781
0.0,-0.19367589056491852,0.13459241
0.5,0.24110671877861023,0.14344653
0.0,0.1146245077252388,0.10368435
0.0,-0.0988142266869545,0.025049359
0.0,-0.19367589056491852,0.19049428
0.2,0.09090909361839294,0.22249383
0.0,-0.02766798436641693,0.10413439
0.0,0.02766798436641693,0.10192851
0.2,0.01976284570991993,0.06926814
0.2,0.27272728085517883,0.23123245
0.5,0.1620553433895111,0.681066
0.2,-0.07509881258010864,0.4283886
0.2,0.01976284570991993,0.56924576
0.2,0.36758893728256226,0.15683638
0.0,0.15415020287036896,0.18858087
0.2,0.24901185929775238,0.8025043
1.0,0.36758893728256226,0.7241414
0.2,0.1304347813129425,0.266296
0.5,0.3596837818622589,0.48353806
0.2,0.19367589056491852,0.03629756
0.5,0.28853756189346313,0.1534023
0.0,0.12252964079380035,0.113409944
0.2,-0.15415020287036896,0.13582774
0.2,0.1304347813129425,0.2471057
0.5,0.0830039530992508,0.3406621
0.2,0.20158103108406067,0.065826066
0.0,-0.10671936720609665,0.054821208
0.0,-0.13833992183208466,0.048752166
0.2,-0.035573121160268784,0.58553153
0.0,0.10671936720609665,0.15068254
0.0,-0.1462450623512268,0.11340151
0.2,0.10671936720609665,0.06366526
0.5,0.32015809416770935,0.3365883
0.2,-0.003952569328248501,0.103324875
0.2,0.22529643774032593,0.018987413
0.0,0.24901185929775238,0.07357337
0.0,0.23320157825946808,0.6554823
0.2,0.035573121160268784,0.08013759
0.0,0.043478261679410934,0.04190867
0.0,0.05138339847326279,0.60917985
0.0,-0.07509881258010864,0.06869256
0.2,0.13833992183208466,0.07851727
0.5,0.4308300316333771,0.080351494
0.2,0.035573121160268784,0.10669141
0.5,0.4150197505950928,0.9170391
0.0,-0.035573121160268784,0.038503703
0.5,0.24901185929775238,0.24205294
0.5,0.3122529685497284,0.6895347
0.0,-0.003952569328248501,0.09222707
0.0,0.035573121160268784,0.04832617
0.0,-0.035573121160268784,0.102806
0.2,0.1620553433895111,0.20167625
0.2,0.2648221254348755,0.08730757
0.5,0.1304347813129425,0.6352631
0.0,0.20948617160320282,0.1926965
0.0,-0.1146245077252388,0.09321029
0.2,0.2648221254348755,0.32831937
0.2,-0.06719367951154709,0.32974544
0.5,0.20158103108406067,0.23234577
0.0,-0.1146245077252388,0.11885785
0.0,-0.06719367951154709,0.12387902
0.5,0.27272728085517883,0.5972773
0.0,0.09090909361839294,0.346164
0.0,-0.06719367951154709,0.16291256
0.2,-0.13833992183208466,0.09824636
0.0,0.17786560952663422,0.11734588
0.5,0.2806324064731598,0.7626877
0.2,0.19367589056491852,0.24541707
0.0,-0.15415020287036896,0.08623405
0.2,0.07509881258010864,0.1766803
0.0,0.12252964079380035,0.06681271
0.2,-0.09090909361839294,0.28892714
0.5,0.2806324064731598,0.7352951
0.0,0.09090909361839294,0.33223894
0.2,0.06719367951154709,0.1684593
0.0,-0.22529643774032593,0.13398765
0.2,0.23320157825946808,0.716224
0.5,0.4940711557865143,0.76065546
0.2,0.1146245077252388,0.26277226
0.0,0.16996046900749207,0.30662048
0.0,-0.035573121160268784,0.08581608
0.0,-0.05928853899240494,0.21043643
0.2,0.16996046900749207,0.20615274
0.2,0.24901185929775238,0.37029448
0.2,0.06719367951154709,0.23764576
0.0,-0.20948617160320282,0.07348415
0.5,0.1462450623512268,0.65643334
0.2,0.1620553433895111,0.2433472
0.0,0.035573121160268784,0.180199
0.2,0.035573121160268784,0.043200105
0.5,0.043478261679410934,0.71623194
0.2,0.1304347813129425,0.31772432
0.0,0.10671936720609665,0.10292024
0.0,0.003952569328248501,0.05408158
0.0,-0.043478261679410934,0.20321335
0.2,0.09090909361839294,0.08747669
0.2,0.09090909361839294,0.14121613
0.2,0.32015809416770935,0.13693343
0.0,0.39920949935913086,0.71243745
0.0,0.1620553433895111,0.16940768
0.5,0.3280632495880127,0.6820041
0.2,0.20158103108406067,0.26195505
0.0,0.011857707053422928,0.15515326
0.0,0.035573121160268784,0.19023794
0.2,0.23320157825946808,0.042859443
0.0,-0.20948617160320282,0.1937907
0.2,0.24901185929775238,0.34538168
0.0,-0.02766798436641693,0.02315979
0.2,0.07509881258010864,0.15990339
0.0,0.19367589056491852,0.12810665
0.0,0.0988142266869545,0.12892689
0.5,0.20948617160320282,0.2615379
0.2,0.18577075004577637,0.25295097
0.2,0.17786560952663422,0.1198913
0.2,0.0988142266869545,0.3470117
0.0,0.011857707053422928,0.08768796
0.5,0.19367589056491852,0.12513205
0.2,0.003952569328248501,0.1374375
0.2,-0.10671936720609665,0.14097483
0.2,-0.035573121160268784,0.15105116
0.5,0.22529643774032593,0.19855231
0.2,0.2648221254348755,0.11465338
0.0,0.05138339847326279,0.067180134
0.0,-0.011857707053422928,0.1824619
0.5,0.23320157825946808,0.60847193
0.0,0.06719367951154709,0.11010178
0.2,0.5019763112068176,0.68531126
0.0,-0.01976284570991993,0.16940561
0.2,-0.011857707053422928,0.014568935
0.5,0.0988142266869545,0.3520424
0.0,0.011857707053422928,0.10304362
0.0,-0.10671936720609665,0.1437158
0.0,-0.23320157825946808,0.12717818
0.5,0.12252964079380035,0.34122857
0.2,0.12252964079380035,0.13840772
0.2,0.0988142266869545,0.081515506
0.0,-0.0830039530992508,0.041630592
0.0,-0.1304347813129425,0.07780554
0.2,0.12252964079380035,0.1917469
0.0,-0.05138339847326279,0.123896666
0.2,0.01976284570991993,0.13629137
0.5,0.20158103108406067,0.079283476
0.0,-0.12252964079380035,0.050851874
0.0,-0.05928853899240494,0.063205145
0.5,0.27272728085517883,0.12596656
0.0,0.25691699981689453,0.5144451
0.0,0.1304347813129425,0.19052431
0.2,0.3122529685497284,0.026178494
0.0,-0.07509881258010864,0.13097776
0.0,-0.003952569328248501,0.16566187
0.0,0.15415020287036896,0.08945017
0.0,0.06719367951154709,0.059331577
0.2,0.33596837520599365,0.76679343
0.0,-0.17786560952663422,0.103047654
0.0,0.0988142266869545,0.18815704
0.0,0.06719367951154709,0.22234078
0.2,0.043478261679410934,0.32062668
0.2,-0.011857707053422928,0.17398018
0.5,0.38339921832084656,0.3772833
0.5,0.1620553433895111,0.1422535
0.2,0.16996046900749207,0.080937065
0.0,-0.0830039530992508,0.1250057
0.0,-0.09090909361839294,0.2135047
0.2,0.0830039530992508,0.047423612
0.0,0.1304347813129425,0.09835263
0.0,0.13833992183208466,0.14692567
0.0,-0.18577075004577637,0.03129394
0.5,0.2648221254348755,0.6804131
0.2,-0.1462450623512268,0.12207837
0.0,-0.043478261679410934,0.04957354
0.0,-0.15415020287036896,0.12900513
0.2,0.21739129722118378,0.08658735
0.2,0.27272728085517883,0.03537258
0.0,-0.003952569328248501,0.062992886
1.0,0.39920949935913086,0.69959575
0.0,-0.1146245077252388,0.09552375
0.2,0.20158103108406067,0.17615421
0.0,0.035573121160268784,0.0354562
0.2,0.15415020287036896,0.20947418
0.2,0.035573121160268784,0.16479506
0.5,0.33596837520599365,0.058959484
0.0,-0.20158103108406067,0.11519603
0.5,0.3280632495880127,0.4584543
0.0,0.011857707053422928,0.15225512
0.0,-0.17786560952663422,0.06670027
0.0,-0.07509881258010864,0.33538592
0.2,-0.003952569328248501,0.38699633
0.5,0.3596837818622589,0.6375786
0.0,-0.02766798436641693,0.10078163
0.0,0.24901185929775238,0.4611489
0.2,0.0830039530992508,0.10403725
0.2,0.4624505937099457,0.06606264
0.2,0.39920949935913086,0.5500367
0.0,0.1304347813129425,0.13535425
0.0,-0.1304347813129425,0.053905465
0.0,0.09090909361839294,0.32393163
0.2,0.0988142266869545,0.12457965
0.2,0.18577075004577637,0.1524533
0.0,-0.1146245077252388,0.029898128
0.2,-0.003952569328248501,0.4388233
0.0,-0.05928853899240494,0.11360921
0.5,0.23320157825946808,0.17393585
0.5,0.17786560952663422,0.11657207
0.0,-0.07509881258010864,0.14860678
0.2,0.35177865624427795,0.14100736
0.5,0.6284584999084473,0.8244606
0.5,0.39920949935913086,0.22604102
0.2,-0.06719367951154709,0.15590341
0.0,0.035573121160268784,0.13781902
0.0,-0.07509881258010864,0.24558477
0.2,0.35177865624427795,0.65933263
0.2,-0.1304347813129425,0.1566878
0.2,0.0988142266869545,0.13591337
0.0,0.02766798436641693,0.120360486
0.0,0.05138339847326279,0.0683837
0.2,0.0830039530992508,0.15460955
0.0,-0.07509881258010864,0.037358087
0.0,0.20158103108406067,0.1221573
0.0,-0.06719367951154709,0.20546769
0.0,0.01976284570991993,0.111369155
0.0,-0.01976284570991993,0.060504694
0.0,0.035573121160268784,0.043087397
0.0,-0.09090909361839294,0.10714066
0.2,0.05928853899240494,0.038106505
0.0,0.003952569328248501,0.16616227
0.2,0.043478261679410934,0.14831594
0.2,0.1462450623512268,0.10705792
0.0,-0.28853756189346313,0.1276365
0.2,0.1462450623512268,0.34273008
0.0,0.011857707053422928,0.03763203
0.2,0.043478261679410934,0.22746709
0.0,-0.05928853899240494,0.025206834
0.5,0.4466403126716614,0.8706171
0.2,0.0988142266869545,0.0706607
0.0,-0.24110671877861023,0.13456838
0.0,0.1620553433895111,0.12725814
0.0,0.07509881258010864,0.094403625
0.0,-0.05138339847326279,0.12329907
0.0,0.0830039530992508,0.11467444
0.0,0.011857707053422928,0.14799131
0.2,0.07509881258010864,0.31241387
0.0,-0.01976284570991993,0.12502673
0.2,0.09090909361839294,0.25933123
0.0,-0.003952569328248501,0.3862829
0.5,0.30434781312942505,0.58963984
0.5,0.2964426875114441,0.68780833
0.2,0.2964426875114441,0.23288368
0.0,-0.035573121160268784,0.13827784
0.2,0.1304347813129425,0.16236635
0.2,0.32015809416770935,0.16447358
0.2,-0.05928853899240494,0.14651467
0.2,0.05138339847326279,0.12837933
0.5,0.3280632495880127,0.30734888
0.2,0.0830039530992508,0.14754659
0.0,-0.15415020287036896,0.10138847
0.0,-0.05928853899240494,0.13827129
0.0,-0.15415020287036896,0.12320336
0.0,-0.1620553433895111,0.11484777
0.2,0.043478261679410934,0.1522013
0.5,0.3596837818622589,0.27724347
0.0,-0.12252964079380035,0.02957973
0.0,0.17786560952663422,0.031130252
0.5,0.0830039530992508,0.5073344
0.5,0.35177865624427795,0.6163473
0.2,0.19367589056491852,0.6225577
0.0,-0.0830039530992508,0.07468684
0.5,0.10671936720609665,0.34177053
0.2,0.16996046900749207,0.042933363
0.5,0.13833992183208466,0.11902023
0.0,-0.07509881258010864,0.04313192
0.2,-0.0830039530992508,0.14289972
0.0,0.1304347813129425,0.045747172
0.5,0.5810276865959167,0.8345691
0.2,-0.003952569328248501,0.13980295
0.0,0.011857707053422928,0.29407004
0.5,0.343873530626297,0.7066109
0.0,-0.13833992183208466,0.15639979
0.2,0.011857707053422928,0.16933703
0.2,0.1146245077252388,0.13814767
0.0,-0.0988142266869545,0.10777125
0.0,-0.06719367951154709,0.061146084
0.0,0.035573121160268784,0.11662159
0.0,-0.05138339847326279,0.072445355
0.0,-0.10671936720609665,0.084424205
0.0,0.1462450623512268,0.09968713
0.2,0.0988142266869545,0.40768713
0.0,0.07509881258010864,0.049724612
0.5,0.39920949935913086,0.79932356
0.0,-0.01976284570991993,0.038689677
0.0,0.02766798436641693,0.18957333
0.0,-0.12252964079380035,0.24266253
0.2,0.4624505937099457,0.06672729
0.0,-0.21739129722118378,0.11510854
0.2,0.2964426875114441,0.17394567
0.2,0.06719367951154709,0.24731246
0.0,0.09090909361839294,0.054227773
0.2,-0.035573121160268784,0.06339604
0.0,0.0830039530992508,0.2538818
0.2,0.09090909361839294,0.14090858
1.0,0.25691699981689453,0.5254589
0.0,-0.12252964079380035,0.04708223
0.0,-0.28853756189346313,0.11566082
0.5,-0.011857707053422928,0.13520382
0.0,-0.1620553433895111,0.1577784
0.0,0.09090909361839294,0.050845165
0.2,0.19367589056491852,0.34768325
0.0,0.1462450623512268,0.08945313
0.2,0.05928853899240494,0.4806617
0.2,0.07509881258010864,0.42553884
0.5,0.27272728085517883,0.615368
0.2,-0.09090909361839294,0.26302943
0.2,0.01976284570991993,0.34371668
0.5,0.343873530626297,0.8275447
0.2,0.18577075004577637,0.7986889
0.5,0.10671936720609665,0.073488064
0.0,0.3913043439388275,0.1929022
0.2,0.18577075004577637,0.5935654
0.0,0.003952569328248501,0.13080981
0.0,-0.06719367951154709,0.36941198
0.2,-0.003952569328248501,0.120691836
0.2,0.23320157825946808,0.13707413
0.0,0.1620553433895111,0.1715953
0.0,0.011857707053422928,0.21577725
0.5,0.3754940629005432,0.5217385
0.5,0.18577075004577637,0.41908583
0.0,-0.011857707053422928,0.120699495
0.2,0.05928853899240494,0.18604808
0.2,0.1620553433895111,0.1277423
0.0,-0.05928853899240494,0.08187397
0.0,-0.05138339847326279,0.045982763
0.0,0.12252964079380035,0.20530087
0.0,0.035573121160268784,0.036066268
0.2,-0.06719367951154709,0.2043975
0.0,-0.0830039530992508,0.17989783
0.0,0.05928853899240494,0.05679091
0.2,0.1304347813129425,0.13369095
0.2,0.24110671877861023,0.29858688
0.5,0.30434781312942505,0.17663498
0.5,0.09090909361839294,0.22539575
0.5,0.1620553433895111,0.15581368
0.0,0.1304347813129425,0.13127781
0.2,0.12252964079380035,0.08944598
0.0,-0.13833992183208466,0.12535061
0.2,0.10671936720609665,0.24881628
1.0,0.3596837818622589,0.51795167
0.5,0.1304347813129425,0.66823965
0.5,0.18577075004577637,0.1870161
0.0,0.0830039530992508,0.06469456
0.2,0.24110671877861023,0.31025925
0.5,0.2964426875114441,0.1919651
0.2,0.5415019989013672,0.7598623
0.0,-0.02766798436641693,0.12628971
0.2,0.035573121160268784,0.1686901
0.2,0.15415020287036896,0.17643176
0.2,0.09090909361839294,0.35429937
0.0,-0.02766798436641693,0.0815948
0.0,0.12252964079380035,0.17462753
0.5,0.16996046900749207,0.023435265
0.2,0.05928853899240494,0.10875882
0.2,-0.011857707053422928,0.14168392
0.0,0.20158103108406067,0.20227377
0.0,-0.07509881258010864,0.15679984
0.2,-0.01976284570991993,0.19548157
0.2,0.05928853899240494,0.21188426
0.0,0.20158103108406067,0.21395615
0.2,0.10671936720609665,0.08772486
0.2,0.1620553433895111,0.49520352
0.2,0.1304347813129425,0.48826542
0.0,-0.05138339847326279,0.09158831
0.0,-0.0830039530992508,0.099568136
0.0,0.02766798436641693,0.098152846
0.0,-0.1462450623512268,0.08655645
0.0,0.05138339847326279,0.043418597
0.2,0.3280632495880127,0.5617148
0.5,0.18577075004577637,0.48175415
0.0,0.05928853899240494,0.04356198
0.5,0.0988142266869545,0.2938741
0.2,0.3280632495880127,0.82880837
0.5,0.30434781312942505,0.43257684
0.2,0.0830039530992508,0.14367953
0.5,0.20158103108406067,0.40292165
0.5,0.0988142266869545,0.21717495
0.0,0.06719367951154709,0.13133182
0.0,-0.1462450623512268,0.17528826
0.5,0.17786560952663422,0.1430593
0.0,-0.003952569328248501,0.12162068
0.5,0.1146245077252388,0.38059384
0.0,0.011857707053422928,0.13917625
0.5,0.343873530626297,0.17690638
0.5,0.4545454680919647,0.09866477
0.0,-0.09090909361839294,0.17967997
0.0,-0.18577075004577637,0.12958303
0.0,-0.19367589056491852,0.11478202
0.2,0.18577075004577637,0.01743683
0.0,-0.02766798436641693,0.087158546
0.0,-0.011857707053422928,0.08855168
0.0,0.003952569328248501,0.07498835
0.2,0.21739129722118378,0.15682793
0.2,0.15415020287036896,0.3289898
0.5,0.5256916880607605,0.75068074
0.2,0.09090909361839294,0.14325592
0.0,0.24110671877861023,0.41442817
0.5,0.20948617160320282,0.40624595
0.2,-0.01976284570991993,0.14869317
0.0,-0.06719367951154709,0.0865124
0.2,0.0988142266869545,0.069889605
0.0,0.06719367951154709,0.122606024
0.5,0.2806324064731598,0.7389547
0.0,0.035573121160268784,0.025716456
0.0,0.16996046900749207,0.23158067
0.2,0.343873530626297,0.08163282
1.0,0.38339921832084656,0.5005069
0.5,0.36758893728256226,0.81313986
0.5,0.33596837520599365,0.73165774
0.2,0.06719367951154709,0.085958
0.2,0.0988142266869545,0.075401016
0.0,-0.02766798436641693,0.010777488
0.0,0.19367589056491852,0.062574945
0.0,0.12252964079380035,0.15618756
0.5,0.22529643774032593,0.5094184
0.2,0.25691699981689453,0.12742044
0.2,0.4387351870536804,0.64444155
0.0,0.02766798436641693,0.057839703
0.0,0.06719367951154709,0.2185434
0.5,0.2964426875114441,0.08537054
0.2,0.05928853899240494,0.10357535
0.2,0.07509881258010864,0.16587153
0.2,0.02766798436641693,0.06253272
0.2,0.035573121160268784,0.37601268
0.2,0.06719367951154709,0.1632518
0.5,0.4545454680919647,0.59956867
0.5,0.16996046900749207,0.33751804
0.0,-0.011857707053422928,0.066241495
0.5,0.4071146249771118,0.23581804
0.0,-0.12252964079380035,0.37748876
0.2,-0.011857707053422928,0.20691827
1.0,0.4940711557865143,0.8073174
0.0,-0.05138339847326279,0.046112094
0.5,0.5256916880607605,0.3990551
0.0,0.1146245077252388,0.34763575
0.5,0.1462450623512268,0.5113275
0.2,0.35177865624427795,0.5617126
0.0,0.1146245077252388,0.19280826
0.0,-0.1462450623512268,0.118631124
0.5,0.1620553433895111,0.2747033
0.0,-0.20948617160320282,0.1018289
0.0,0.16996046900749207,0.08034512
0.0,0.0988142266869545,0.061489634
0.2,0.20948617160320282,0.033156633
0.0,0.01976284570991993,0.10711042
0.0,0.27272728085517883,0.13059898
0.0,0.043478261679410934,0.21118118
0.0,-0.05928853899240494,0.3235557
0.5,0.30434781312942505,0.4105943
0.0,-0.035573121160268784,0.14680272
0.0,-0.1620553433895111,0.10281304
0.2,0.02766798436641693,0.14829169
0.0,0.05928853899240494,0.09827877
0.0,0.02766798436641693,0.14047614
0.0,-0.011857707053422928,0.10818238
0.5,0.38339921832084656,0.7722444
0.0,-0.1146245077252388,0.012466115
1.0,0.3754940629005432,0.8284756
0.0,-0.01976284570991993,0.16956656
0.0,0.12252964079380035,0.17320444
0.2,0.09090909361839294,0.08811534
0.0,-0.05138339847326279,0.063896306
0.0,0.05138339847326279,0.20251967
0.2,-0.06719367951154709,0.23557559
0.2,-0.01976284570991993,0.021828853
0.2,0.10671936720609665,0.23788103
0.2,0.043478261679410934,0.18087743
0.0,-0.043478261679410934,0.106645815
0.0,0.05928853899240494,0.055109423
0.0,0.05138339847326279,0.041788638
0.2,0.16996046900749207,0.24610977
0.2,0.3280632495880127,0.10371241
0.0,-0.10671936720609665,0.055350196
0.0,-0.1462450623512268,0.059341908
0.0,0.02766798436641693,0.0830476
0.5,0.16996046900749207,0.63182425
0.2,-0.02766798436641693,0.14701276
0.0,-0.01976284570991993,0.083233416
0.2,0.3596837818622589,0.16288747
0.0,-0.25691699981689453,0.08065454
0.0,-0.02766798436641693,0.37237698
0.0,0.07509881258010864,0.2492262
0.0,0.035573121160268784,0.123401746
0.0,0.05138339847326279,0.21612996
0.2,0.20948617160320282,0.16833216
0.2,0.1146245077252388,0.17716593
0.2,0.12252964079380035,0.2518051
0.2,0.23320157825946808,0.48021924
0.0,0.12252964079380035,0.16390881
0.5,0.4545454680919647,0.5131743
0.5,0.23320157825946808,0.15479489
0.0,0.035573121160268784,0.021187354
0.2,0.0988142266869545,0.16028866
0.2,0.035573121160268784,0.26551908
0.0,0.07509881258010864,0.11185488
0.0,-0.011857707053422928,0.06644905
0.2,0.0830039530992508,0.017407713
0.0,0.0830039530992508,0.054563414
0.2,0.48616600036621094,0.75600123
0.0,-0.09090909361839294,0.1292027
0.0,0.0830039530992508,0.19696625
0.5,0.3596837818622589,0.4459076
0.5,0.16996046900749207,0.2078238
0.0,0.003952569328248501,0.04933585
0.2,0.20948617160320282,0.18449695
0.0,0.011857707053422928,0.036579978
0.2,-0.0988142266869545,0.0962723
0.2,0.22529643774032593,0.07595268
0.2,0.003952569328248501,0.21440992
0.0,-0.003952569328248501,0.1182774
0.2,0.0988142266869545,0.20106657
0.5,0.23320157825946808,0.13655339
0.0,-0.035573121160268784,0.16602653
0.0,-0.10671936720609665,0.19809043
0.2,-0.0830039530992508,0.09013825
0.2,0.06719367951154709,0.7155487
0.0,-0.003952569328248501,0.08169823
0.0,0.21739129722118378,0.012923155
0.5,0.3913043439388275,0.4818462
0.2,-0.011857707053422928,0.21567166
0.2,0.05138339847326279,0.3538843
0.5,0.09090909361839294,0.14731978
0.2,0.0988142266869545,0.3231087
0.2,0.1620553433895111,0.28037873
0.0,-0.20158103108406067,0.06550386
0.2,0.18577075004577637,0.049498145
0.2,0.02766798436641693,0.1258972
0.0,-0.003952569328248501,0.44921473
0.0,-0.25691699981689453,0.15423605
0.2,-0.09090909361839294,0.1653492
0.0,0.035573121160268784,0.06507959
0.0,0.18577075004577637,0.07692657
0.2,0.35177865624427795,0.7980302
0.0,0.19367589056491852,0.06362001
0.0,0.3913043439388275,0.27363795
0.0,0.12252964079380035,0.088516645
0.0,-0.1146245077252388,0.10891479
0.5,0.30434781312942505,0.8088935
0.0,0.2648221254348755,0.023727555
0.0,0.043478261679410934,0.20777717
0.2,0.2648221254348755,0.20427813
1.0,0.3913043439388275,0.7242772
0.0,-0.05928853899240494,0.06855154
0.5,0.5256916880607605,0.78544915
0.0,-0.22529643774032593,0.11667633
0.0,0.07509881258010864,0.069775954
0.0,-0.05138339847326279,0.13759194
0.0,-0.003952569328248501,0.03172804
0.0,0.12252964079380035,0.18751661
0.0,0.035573121160268784,0.36471686
0.0,-0.19367589056491852,0.06611038
0.0,-0.043478261679410934,0.035391826
0.2,0.32015809416770935,0.4853892
0.2,-0.02766798436641693,0.1748268
0.5,0.4466403126716614,0.74302644
0.2,0.23320157825946808,0.53284603
0.0,0.25691699981689453,0.24760577
0.0,0.20158103108406067,0.050229385
0.2,0.2964426875114441,0.6206102
0.2,0.1462450623512268,0.14868757
0.5,0.2648221254348755,0.6307066
0.2,0.0830039530992508,0.17489214
0.0,-0.05928853899240494,0.082805015
0.5,0.25691699981689453,0.08483988
0.0,-0.035573121160268784,0.1300173
0.0,0.1620553433895111,0.37605098
0.5,0.35177865624427795,0.41306213
0.2,0.18577075004577637,0.36789694
0.0,-0.24110671877861023,0.1148409
0.0,0.003952569328248501,0.14772509
0.0,0.0988142266869545,0.039386626
0.5,0.35177865624427795,0.76295936
0.0,0.003952569328248501,0.06899128
0.2,-0.12252964079380035,0.30076465
0.0,-0.1620553433895111,0.03278883
0.2,0.4308300316333771,0.73542815
0.0,0.17786560952663422,0.030634627
0.0,-0.011857707053422928,0.16251114
0.0,0.28853756189346313,0.177548
0.0,-0.06719367951154709,0.1647252
0.2,0.011857707053422928,0.1055266
0.0,-0.043478261679410934,0.053807907
0.5,0.19367589056491852,0.6857876
0.5,0.30434781312942505,0.7082662
0.0,-0.1620553433895111,0.07954752
0.2,0.043478261679410934,0.18502675
0.0,-0.003952569328248501,0.11468009
0.2,0.17786560952663422,0.16344133
0.2,0.2964426875114441,0.38393313
0.0,0.10671936720609665,0.25253955
0.0,0.05928853899240494,0.028081497
0.5,0.3122529685497284,0.060417283
0.2,0.035573121160268784,0.107776046
0.0,-0.12252964079380035,0.13030778
0.0,-0.011857707053422928,0.23408525
0.0,0.09090909361839294,0.06369271
0.2,0.003952569328248501,0.1587912
0.0,-0.06719367951154709,0.05698802
0.0,0.15415020287036896,0.0788957
0.5,0.4545454680919647,0.48797396
0.0,-0.12252964079380035,0.34855464
0.0,-0.0988142266869545,0.1482089
0.0,-0.09090909361839294,0.121640004
0.0,0.1146245077252388,0.025469448
0.2,0.01976284570991993,0.7136911
0.5,0.5494071245193481,0.8072591
0.5,0.10671936720609665,0.6873174
0.2,-0.043478261679410934,0.6642539
0.0,-0.1462450623512268,0.0493796
0.2,0.12252964079380035,0.07122165
0.2,0.2964426875114441,0.041553922
0.2,0.17786560952663422,0.09132797
0.2,0.21739129722118378,0.17386734
0.0,0.011857707053422928,0.11720071
0.0,0.06719367951154709,0.029390318
0.2,0.05928853899240494,0.19982469
0.2,0.05928853899240494,0.0902365
0.0,0.05928853899240494,0.15420768
0.2,-0.07509881258010864,0.30187443
0.2,0.23320157825946808,0.107398935
0.0,-0.13833992183208466,0.10450784
0.2,0.20158103108406067,0.046361882
0.0,-0.035573121160268784,0.15413254
0.0,0.035573121160268784,0.09633455
0.2,0.16996046900749207,0.15988074
0.2,0.32015809416770935,0.088405296
0.2,0.16996046900749207,0.061042666
0.2,0.07509881258010864,0.03649333
0.0,-0.17786560952663422,0.12706785
0.0,0.15415020287036896,0.14371519
0.2,0.4624505937099457,0.079431705
0.0,0.16996046900749207,0.21562953
0.2,0.22529643774032593,0.16169135
0.2,-0.07509881258010864,0.16676162
0.0,-0.07509881258010864,0.15563294
0.2,-0.011857707053422928,0.22136316
0.0,0.13833992183208466,0.029978463
0.2,-0.01976284570991993,0.09509919
0.2,0.1146245077252388,0.24264084
0.0,-0.035573121160268784,0.084790945
0.5,0.1304347813129425,0.6643529
1.0,0.30434781312942505,0.7484199
0.2,0.07509881258010864,0.102712296
0.2,-0.18577075004577637,0.031362377
0.0,0.0830039530992508,0.13887532
0.5,0.23320157825946808,0.8402974
0.0,-0.21739129722118378,0.05743607
0.0,-0.003952569328248501,0.102719836
0.0,0.0830039530992508,0.11745224
0.0,-0.01976284570991993,0.13945474
0.0,-0.20158103108406067,0.08373367
0.2,0.23320157825946808,0.24070738
0.0,0.0988142266869545,0.12809311
0.5,0.16996046900749207,0.55386925
0.0,0.003952569328248501,0.04476175
0.0,-0.23320157825946808,0.0400016
0.0,0.24901185929775238,0.03346083
1.0,0.5415019989013672,0.78107923
0.2,0.18577075004577637,0.12054234
0.2,0.3754940629005432,0.08847895
0.0,-0.28853756189346313,0.13709179
0.0,0.09090909361839294,0.16099866
0.5,0.28853756189346313,0.7843376
0.0,-0.13833992183208466,0.17640497
1.0,0.4150197505950928,0.5130477
0.0,-0.09090909361839294,0.055173606
1.0,0.22529643774032593,0.7300678
0.0,-0.33596837520599365,0.11723953
0.0,-0.24901185929775238,0.14091711
0.5,0.20158103108406067,0.19265255
0.0,0.0988142266869545,0.13931392
0.5,0.3913043439388275,0.39703402
0.2,0.2806324064731598,0.412778
0.0,-0.18577075004577637,0.18334568
0.0,-0.01976284570991993,0.36296603
0.2,-0.011857707053422928,0.04518932
0.2,-0.1304347813129425,0.14148997
0.5,0.3913043439388275,0.30702564
0.2,0.1304347813129425,0.2127273
0.0,-0.1304347813129425,0.18684803
0.2,0.28853756189346313,0.11496487
0.2,0.1620553433895111,0.17512633
0.2,-0.05928853899240494,0.23966251
0.0,-0.10671936720609665,0.23150784
0.2,0.05928853899240494,0.33192882
0.2,-0.0830039530992508,0.3381705
0.0,0.05928853899240494,0.072811425
0.2,0.06719367951154709,0.098379485
0.0,-0.0988142266869545,0.17477715
0.2,0.16996046900749207,0.19446477
0.2,0.19367589056491852,0.22268625
0.0,-0.343873530626297,0.085581794
0.2,0.06719367951154709,0.1303859
0.2,0.05138339847326279,0.07548643
0.2,-0.07509881258010864,0.6522211
0.0,-0.05138339847326279,0.048649147
0.2,0.0830039530992508,0.21510902
0.5,0.3754940629005432,0.81135505
0.0,-0.02766798436641693,0.17209016
0.0,-0.07509881258010864,0.14314991
0.5,0.343873530626297,0.09001721
1.0,0.32015809416770935,0.8245684
0.0,0.07509881258010864,0.11029728
0.0,0.043478261679410934,0.024334151
0.5,0.05138339847326279,0.3410503
0.2,0.33596837520599365,0.0365739
0.0,-0.05138339847326279,0.059414927
0.2,0.06719367951154709,0.022179972
0.5,0.47035571932792664,0.75687283
1.0,0.35177865624427795,0.6805552
0.0,0.0988142266869545,0.13166249
0.0,-0.043478261679410934,0.30196
0.2,0.12252964079380035,0.68389666
0.2,0.24901185929775238,0.626872
0.0,0.1304347813129425,0.18936256
0.2,0.10671936720609665,0.2643538
0.0,-0.06719367951154709,0.13941237
0.2,0.05928853899240494,0.11150189
0.5,0.4545454680919647,0.55898875
0.0,0.02766798436641693,0.07580585
0.0,0.003952569328248501,0.121524885
0.0,-0.01976284570991993,0.17801383
0.2,0.1462450623512268,0.0685206
0.0,-0.10671936720609665,0.18253407
0.5,0.2806324064731598,0.09273511
0.0,0.06719367951154709,0.20369725
0.0,0.05928853899240494,0.06223164
0.0,-0.09090909361839294,0.06281997
0.5,0.4624505937099457,0.50592816
0.2,-0.003952569328248501,0.15081039
0.2,0.2648221254348755,0.39136133
0.0,0.003952569328248501,0.14760752
0.2,0.36758893728256226,0.11269364
1.0,0.36758893728256226,0.6656588
0.5,0.4308300316333771,0.6683917
0.0,-0.1146245077252388,0.14294411
0.5,0.3280632495880127,0.6805019
1.0,0.24901185929775238,0.09161597
0.0,0.05928853899240494,0.08292125
0.5,0.27272728085517883,0.8896723
0.0,-0.011857707053422928,0.056536
0.2,-0.035573121160268784,0.2197967
0.0,0.003952569328248501,0.16702586
0.0,0.043478261679410934,0.07831239
0.0,-0.07509881258010864,0.045840845
0.0,-0.19367589056491852,0.2021504
0.2,0.10671936720609665,0.1767485
0.2,0.1462450623512268,0.059338514
0.2,-0.06719367951154709,0.058160152
0.0,-0.1304347813129425,0.11270632
0.5,0.3913043439388275,0.73325086
0.0,-0.0830039530992508,0.077510394
0.5,0.28853756189346313,0.74107414
0.0,-0.15415020287036896,0.16241248
0.2,-0.011857707053422928,0.22006918
0.2,0.0830039530992508,0.11094848
0.2,-0.01976284570991993,0.34500206
0.2,-0.0988142266869545,0.019354641
1.0,0.19367589056491852,0.7473984
0.2,0.02766798436641693,0.21031813
0.2,0.043478261679410934,0.08837275
0.2,-0.07509881258010864,0.36533523
0.0,-0.003952569328248501,0.11788018
0.2,0.1146245077252388,0.26869255
0.0,-0.043478261679410934,0.051759336
0.2,-0.01976284570991993,0.21144776
0.2,0.20158103108406067,0.27222416
0.2,0.23320157825946808,0.21274434
0.5,0.3122529685497284,0.46206123
0.5,0.3754940629005432,0.7845642
0.2,-0.043478261679410934,0.08615365
0.2,0.33596837520599365,0.08153243
0.0,-0.06719367951154709,0.0746505
0.2,0.23320157825946808,0.4947004
0.2,0.36758893728256226,0.11937594
0.2,0.1620553433895111,0.052188076
0.0,0.02766798436641693,0.095842615
0.0,-0.10671936720609665,0.33101374
0.0,0.1462450623512268,0.012663836
0.2,0.19367589056491852,0.29790038
0.0,-0.043478261679410934,0.44293243
0.0,0.1146245077252388,0.053859387
0.0,0.01976284570991993,0.13862664
0.0,0.1304347813129425,0.026139693
0.0,-0.15415020287036896,0.19772975
0.2,0.05928853899240494,0.102373786
0.5,0.5652173757553101,0.8471686
0.2,0.13833992183208466,0.20509188
0.0,-0.18577075004577637,0.114022635
0.0,0.01976284570991993,0.07139518
1.0,0.38339921832084656,0.7890421
0.0,-0.02766798436641693,0.3381674
0.2,0.09090909361839294,0.31011784
0.0,0.05928853899240494,0.20535538
0.5,0.12252964079380035,0.36558473
0.0,-0.20158103108406067,0.06637065
0.5,0.36758893728256226,0.5381416
0.2,0.07509881258010864,0.16930453
0.0,0.17786560952663422,0.038589884
0.0,-0.05138339847326279,0.14180031
0.0,-0.01976284570991993,0.061174545
0.0,0.05138339847326279,0.20321035
0.0,-0.02766798436641693,0.08703259
0.2,0.05928853899240494,0.3232671
0.0,-0.07509881258010864,0.14313847
1.0,0.3280632495880127,0.7602303
0.2,0.06719367951154709,0.15618457
1.0,0.4387351870536804,0.3129788
0.2,0.15415020287036896,0.11063437
0.0,0.05138339847326279,0.08462384
0.5,0.035573121160268784,0.5259478
0.0,-0.043478261679410934,0.14403836
0.2,0.24901185929775238,0.5701052
0.2,0.02766798436641693,0.17276414
0.0,0.17786560952663422,0.04507286
0.2,0.17786560952663422,0.25723675
0.0,0.05928853899240494,0.2154119
0.0,0.035573121160268784,0.1331089
0.0,-0.09090909361839294,0.06259924
0.0,-0.035573121160268784,0.11494601
0.2,-0.0830039530992508,0.15758152
0.2,0.0830039530992508,0.05277208
0.0,-0.035573121160268784,0.1427661
0.5,0.1620553433895111,0.14764233
0.2,-0.0988142266869545,0.042959955
0.2,0.09090909361839294,0.16190489
0.2,0.011857707053422928,0.2093462
0.2,0.4150197505950928,0.11016781
0.0,0.01976284570991993,0.16675438
0.2,0.15415020287036896,0.07861901
0.5,0.20948617160320282,0.73203474
0.2,0.12252964079380035,0.114025004
0.2,0.09090909361839294,0.10179927
0.0,0.19367589056491852,0.015269888
0.0,-0.05138339847326279,0.12103913
0.0,-0.035573121160268784,0.012086753
0.0,-0.02766798436641693,0.10257197
1.0,0.4624505937099457,0.7976446
0.0,-0.13833992183208466,0.1457332
0.0,-0.011857707053422928,0.07978355
0.0,-0.1304347813129425,0.13779633
0.0,0.09090909361839294,0.099314764
0.0,0.06719367951154709,0.026839895
0.2,0.07509881258010864,0.122321144
0.2,0.0830039530992508,0.23205294
0.0,0.035573121160268784,0.18774548
0.2,0.16996046900749207,0.22237346
0.2,0.06719367951154709,0.6338905
0.0,0.3280632495880127,0.16157097
0.0,-0.20948617160320282,0.15909374
0.0,0.09090909361839294,0.11822814
0.2,0.25691699981689453,0.34556964
0.0,0.06719367951154709,0.06813344
0.0,0.17786560952663422,0.17853834
0.5,0.23320157825946808,0.39419508
0.0,-0.0830039530992508,0.1552804
0.5,0.17786560952663422,0.56833297
0.5,0.3913043439388275,0.7714102
0.0,0.05928853899240494,0.13206197
0.0,-0.02766798436641693,0.289576
0.0,0.09090909361839294,0.080544874
0.0,0.05928853899240494,0.03823844
0.5,0.2806324064731598,0.74997026
0.2,-0.043478261679410934,0.07836553
0.5,0.3754940629005432,0.8769797
0.2,0.3122529685497284,0.13025881
1.0,0.27272728085517883,0.50654215
0.2,0.13833992183208466,0.10366729
0.0,0.23320157825946808,0.23226276
0.2,0.05928853899240494,0.47507337
0.0,0.06719367951154709,0.084996246
0.2,-0.01976284570991993,0.22644295
0.5,0.3122529685497284,0.788275
0.5,0.2964426875114441,0.27822018
0.2,0.22529643774032593,0.42001235
0.0,0.0830039530992508,0.12068164
0.0,-0.1146245077252388,0.072344445
0.0,-0.22529643774032593,0.1578133
0.2,0.05928853899240494,0.036550075
0.2,0.23320157825946808,0.17782576
0.0,-0.16996046900749207,0.09092617
0.0,-0.12252964079380035,0.10320956
0.5,0.3280632495880127,0.4940739
0.2,0.035573121160268784,0.1019682
0.0,-0.12252964079380035,0.0720307
0.5,0.39920949935913086,0.4707656
0.0,-0.13833992183208466,0.040600587
0.0,0.06719367951154709,0.25626943
0.0,-0.18577075004577637,0.07442269
0.2,0.011857707053422928,0.1437542
0.0,-0.19367589056491852,0.05987281
0.0,-0.011857707053422928,0.08646273
0.2,0.035573121160268784,0.10099416
0.5,0.3754940629005432,0.7932306
0.0,0.19367589056491852,0.10644616
0.2,0.16996046900749207,0.2045146
0.2,0.1146245077252388,0.062221993
0.0,-0.1146245077252388,0.15918165
0.0,-0.10671936720609665,0.029565156
0.2,0.09090909361839294,0.19945616
0.5,0.05928853899240494,0.37589934
0.0,0.035573121160268784,0.10572475
0.0,-0.13833992183208466,0.14352989
0.2,0.3122529685497284,0.11453761
0.0,0.2964426875114441,0.16481534
0.0,-0.043478261679410934,0.1338674
0.0,0.003952569328248501,0.059862766
0.0,-0.043478261679410934,0.024978496
0.0,-0.011857707053422928,0.4406539
0.5,0.4387351870536804,0.12550516
0.2,0.0988142266869545,0.12809375
0.2,0.05928853899240494,0.1351704
0.2,0.0988142266869545,0.14195509
0.0,0.05928853899240494,0.06814304
0.2,0.3754940629005432,0.8268295
0.0,0.30434781312942505,0.26820382
0.0,0.18577075004577637,0.080453604
0.0,-0.09090909361839294,0.11872835
0.0,0.01976284570991993,0.14205253
0.0,0.01976284570991993,0.072555035
0.0,0.011857707053422928,0.09908218
0.0,0.15415020287036896,0.0875455
1.0,0.5098814368247986,0.78402036
0.0,0.12252964079380035,0.06626148
0.0,0.1146245077252388,0.08727908
0.0,0.011857707053422928,0.12507294
0.0,-0.13833992183208466,0.03556738
1.0,0.39920949935913086,0.7795355
0.2,0.003952569328248501,0.25611785
0.0,-0.0830039530992508,0.16142319
0.2,-0.0830039530992508,0.023970524
0.0,0.09090909361839294,0.081993066
0.5,0.5256916880607605,0.848001
0.5,0.3280632495880127,0.86045426
0.2,0.18577075004577637,0.089143924
0.2,0.28853756189346313,0.28880715
0.0,-0.1304347813129425,0.17228757
0.2,0.0830039530992508,0.10075955
0.0,-0.05138339847326279,0.42594644
0.0,-0.09090909361839294,0.07580413
0.0,-0.011857707053422928,0.13340282
0.0,0.06719367951154709,0.10052433
0.0,-0.043478261679410934,0.054334033
0.0,-0.011857707053422928,0.083001375
0.5,0.39920949935913086,0.54515785
0.0,0.0830039530992508,0.067738876
0.0,-0.1146245077252388,0.04131193
0.2,0.33596837520599365,0.19605762
0.5,0.39920949935913086,0.06481174
0.0,-0.0830039530992508,0.028453778
0.2,0.0988142266869545,0.25725132
0.0,0.1304347813129425,0.042830784
0.0,-0.06719367951154709,0.10311643
0.0,-0.035573121160268784,0.27638507
0.0,-0.1462450623512268,0.063869074
0.0,0.0988142266869545,0.12287835
0.2,0.06719367951154709,0.15549423
0.2,0.28853756189346313,0.080094144
0.0,0.043478261679410934,0.12821662
0.0,-0.21739129722118378,0.05662404
0.2,0.0988142266869545,0.23377359
0.0,-0.2806324064731598,0.19132091
0.2,0.035573121160268784,0.13623323
0.0,0.1620553433895111,0.4187141
0.0,0.01976284570991993,0.017808268
0.0,0.09090909361839294,0.20830661
0.5,0.22529643774032593,0.28859532
0.0,0.23320157825946808,0.43025035
0.2,0.16996046900749207,0.36817977
0.0,0.07509881258010864,0.1752949
0.5,0.3122529685497284,0.25733665
0.0,-0.0830039530992508,0.18003151
0.2,0.003952569328248501,0.1570035
0.2,0.2648221254348755,0.6445094
0.0,-0.043478261679410934,0.18617505
0.5,0.15415020287036896,0.32360467
0.0,0.02766798436641693,0.054159354
0.5,0.07509881258010864,0.03622833
0.2,0.16996046900749207,0.71353847
0.0,-0.1462450623512268,0.13816771
0.2,0.21739129722118378,0.48097026
0.0,0.05928853899240494,0.077831306
0.2,-0.035573121160268784,0.058077462
0.0,-0.011857707053422928,0.05426073
0.0,-0.01976284570991993,0.015749546
0.5,0.2964426875114441,0.32476994
0.0,0.01976284570991993,0.079284996
0.0,-0.07509881258010864,0.31443748
0.0,-0.05138339847326279,0.17660207
0.2,0.18577075004577637,0.25170583
0.5,0.0988142266869545,0.22825828
0.5,0.07509881258010864,0.49649507
0.2,0.003952569328248501,0.07198845
0.0,0.1304347813129425,0.23777908
0.2,0.0988142266869545,0.061368756
0.2,0.06719367951154709,0.090515345
0.0,-0.035573121160268784,0.045745037
0.0,0.05138339847326279,0.1317394
0.5,0.3754940629005432,0.5682455
0.0,0.01976284570991993,0.32959002
0.2,0.10671936720609665,0.15941805
0.2,0.05138339847326279,0.21153077
0.0,0.043478261679410934,0.1487305
0.0,0.18577075004577637,0.15016846
0.5,0.573122501373291,0.78467494
0.2,0.343873530626297,0.15615883
0.0,-0.01976284570991993,0.1088623
0.0,0.13833992183208466,0.075890124
0.0,-0.12252964079380035,0.16379486
0.0,0.1462450623512268,0.18106247
0.5,0.32015809416770935,0.3678242
0.2,0.25691699981689453,0.10319369
0.2,0.23320157825946808,0.055660505
0.0,0.05138339847326279,0.14340168
0.2,0.19367589056491852,0.117000565
0.5,0.19367589056491852,0.16986734
0.2,0.23320157825946808,0.24500802
0.2,0.17786560952663422,0.24691874
0.0,0.07509881258010864,0.0110725565
0.0,0.16996046900749207,0.052135684
0.0,0.01976284570991993,0.13475542
0.0,0.003952569328248501,0.4095162
0.5,0.27272728085517883,0.052395675
0.0,-0.05928853899240494,0.15158972
0.2,0.05138339847326279,0.21468556
0.0,0.0988142266869545,0.11966297
0.2,0.24901185929775238,0.15501432
0.5,0.19367589056491852,0.39781976
0.2,0.18577075004577637,0.1876347
0.0,0.0830039530992508,0.18125127
0.0,-0.003952569328248501,0.17577802
0.2,0.3122529685497284,0.1242875
0.2,0.39920949935913086,0.7144505
0.0,0.05138339847326279,0.10028323
0.2,0.1620553433895111,0.2314546
0.2,-0.003952569328248501,0.24479458
0.2,-0.02766798436641693,0.3032767
0.0,-0.01976284570991993,0.11755521
0.5,0.09090909361839294,0.65480447
0.0,-0.003952569328248501,0.18642654
0.0,0.20948617160320282,0.22657521
0.0,0.01976284570991993,0.13845396
0.2,0.05928853899240494,0.09760379
0.2,0.3122529685497284,0.14801493
0.2,-0.011857707053422928,0.22334203
0.2,0.1462450623512268,0.054982133
0.0,-0.02766798436641693,0.0516514
0.2,0.15415020287036896,0.17166579
0.0,-0.20158103108406067,0.062063675
0.0,0.20158103108406067,0.057662807
0.2,-0.06719367951154709,0.072809964
0.2,0.1146245077252388,0.1031615
0.2,-0.003952569328248501,0.20336361
0.2,0.24110671877861023,0.22930595
0.0,-0.09090909361839294,0.04768468
0.5,0.28853756189346313,0.11371657
0.2,0.035573121160268784,0.08565093
0.2,0.32015809416770935,0.060535956
0.0,0.23320157825946808,0.42005014
0.0,-0.15415020287036896,0.054837395
0.0,-0.003952569328248501,0.025514944
0.2,0.24110671877861023,0.5700192
0.5,0.4466403126716614,0.8067876
0.2,0.05138339847326279,0.1680605
0.0,-0.17786560952663422,0.123737246
0.2,-0.02766798436641693,0.24054597
1.0,0.27272728085517883,0.70036715
0.5,0.15415020287036896,0.16901562
0.0,-0.15415020287036896,0.059251733
0.0,-0.02766798436641693,0.031973828
0.2,0.2648221254348755,0.13805766
0.2,0.20158103108406067,0.14662129
0.2,0.1304347813129425,0.056717187
0.0,-0.05138339847326279,0.079028174
0.0,-0.0830039530992508,0.08819296
0.0,-0.05138339847326279,0.10475903
0.2,0.07509881258010864,0.14726542
0.0,0.05928853899240494,0.80206823
0.5,0.24110671877861023,0.038507827
0.2,-0.0988142266869545,0.26015335
0.2,0.3280632495880127,0.14503637
0.2,0.1620553433895111,0.04514775
0.2,0.16996046900749207,0.3393614
0.0,-0.1462450623512268,0.110739276
0.0,-0.043478261679410934,0.31249002
0.0,-0.1462450623512268,0.13078146
1.0,0.6126482486724854,0.5216011
0.0,-0.0830039530992508,0.11420299
0.2,0.4387351870536804,0.096986525
0.0,-0.12252964079380035,0.10830566
0.0,0.035573121160268784,0.38014308
0.0,-0.05138339847326279,0.05791658
0.2,-0.1304347813129425,0.23759729
0.2,-0.0988142266869545,0.07030542
0.2,0.3122529685497284,0.048926253
0.0,-0.05138339847326279,0.12069387
0.2,0.1304347813129425,0.06849014
0.5,0.30434781312942505,0.64759165
0.0,0.01976284570991993,0.04081833
0.2,0.1146245077252388,0.1672469
0.2,0.18577075004577637,0.25006837
0.0,0.07509881258010864,0.12483614
1.0,0.5573122501373291,0.7662969
0.0,0.011857707053422928,0.21456543
0.0,0.17786560952663422,0.23949255
0.0,-0.05138339847326279,0.065927476
0.2,0.2806324064731598,0.5665319
0.0,0.1304347813129425,0.36400527
0.5,0.12252964079380035,0.6521346
0.2,0.01976284570991993,0.05662385
0.0,-0.0830039530992508,0.06910351
0.0,-0.035573121160268784,0.27043912
0.5,0.4387351870536804,0.74215955
0.0,0.19367589056491852,0.1618154
0.0,-0.02766798436641693,0.07511616
0.0,0.003952569328248501,0.26311263
0.2,-0.05138339847326279,0.09996389
0.5,0.3754940629005432,0.5611636
0.0,0.003952569328248501,0.15509209
0.0,-0.003952569328248501,0.08311488
0.0,0.12252964079380035,0.08260347
0.0,-0.0988142266869545,0.05849263
0.2,0.06719367951154709,0.25421903
0.0,-0.22529643774032593,0.24395043
0.5,0.3280632495880127,0.7967541
0.0,0.035573121160268784,0.28454527
0.2,-0.2806324064731598,0.16328822
0.2,0.1146245077252388,0.16181004
0.5,0.36758893728256226,0.766458
0.0,-0.15415020287036896,0.05943055
0.0,0.043478261679410934,0.13464245
0.0,0.2806324064731598,0.4784741
0.0,0.0830039530992508,0.35607108
0.0,0.0988142266869545,0.34593824
0.0,0.0988142266869545,0.021740781
0.0,-0.02766798436641693,0.021490652
0.2,0.07509881258010864,0.10290336
0.0,-0.035573121160268784,0.06262856
0.0,0.1620553433895111,0.29880062
0.2,-0.035573121160268784,0.11026386
0.0,-0.003952569328248501,0.0543396
0.5,0.3754940629005432,0.43024513
0.0,-0.05928853899240494,0.06970591
0.5,0.5098814368247986,0.15178494
0.2,0.01976284570991993,0.116918124
0.0,0.0830039530992508,0.09124023
0.5,0.21739129722118378,0.20127738
0.0,0.2806324064731598,0.09718405
0.5,0.4150197505950928,0.76990354
0.0,-0.20948617160320282,0.0848272
0.0,0.07509881258010864,0.12066967
1.0,0.4940711557865143,0.7107023
0.2,0.1146245077252388,0.27564883
0.2,0.13833992183208466,0.122234665
0.0,-0.1620553433895111,0.08515143
0.0,-0.10671936720609665,0.12457024
0.0,-0.0988142266869545,0.14646277
0.5,0.15415020287036896,0.38956457
0.2,0.06719367951154709,0.26110497
0.2,0.18577075004577637,0.30149594
0.0,-0.003952569328248501,0.064122364
0.0,0.01976284570991993,0.055110365
0.0,-0.10671936720609665,0.06881916
0.0,-0.05928853899240494,0.05799398
0.2,0.23320157825946808,0.19233197
0.2,0.1304347813129425,0.21439159
0.0,0.24110671877861023,0.75250596
0.2,0.1462450623512268,0.08064473
0.0,-0.011857707053422928,0.110218145
0.2,0.18577075004577637,0.18558809
0.2,0.0988142266869545,0.110407755
0.0,0.1304347813129425,0.1259097
0.0,0.06719367951154709,0.061518576
1.0,0.3596837818622589,0.7595509
0.0,0.003952569328248501,0.25346816
0.0,-0.06719367951154709,0.048901327
0.0,-0.003952569328248501,0.037350275
0.2,0.2648221254348755,0.28339556
0.2,0.07509881258010864,0.08591431
0.0,0.13833992183208466,0.049330633
0.0,-0.1620553433895111,0.25112435
0.2,0.18577075004577637,0.078771554
0.2,0.1304347813129425,0.07485321
0.0,-0.02766798436641693,0.11681445
0.0,-0.09090909361839294,0.05443197
0.2,-0.02766798436641693,0.16207853
0.2,0.23320157825946808,0.061602842
0.5,0.2648221254348755,0.20166297
0.2,0.18577075004577637,0.14259979
0.2,0.21739129722118378,0.07047167
0.0,0.0988142266869545,0.15935852
0.0,0.043478261679410934,0.09487503
0.2,0.01976284570991993,0.58447397
0.0,0.1304347813129425,0.056323405
0.0,-0.09090909361839294,0.1656702
0.0,-0.043478261679410934,0.16466905
0.0,0.1620553433895111,0.21127522
0.0,0.06719367951154709,0.16115882
0.0,-0.05138339847326279,0.09042486
0.2,0.1462450623512268,0.13220678
0.5,0.003952569328248501,0.18589236
0.0,0.05138339847326279,0.046809614
0.0,-0.1620553433895111,0.17946713
0.0,0.003952569328248501,0.08442747
0.0,0.13833992183208466,0.07300739
0.0,0.13833992183208466,0.091784045
0.2,0.05138339847326279,0.28586093
0.2,0.23320157825946808,0.36780933
0.5,0.20948617160320282,0.6535369
0.0,0.1620553433895111,0.086682715
0.0,-0.23320157825946808,0.16097735
0.2,0.22529643774032593,0.12440069
0.0,-0.20158103108406067,0.1674967
0.0,0.21739129722118378,0.04768296
0.0,-0.20948617160320282,0.15681365
0.2,0.18577075004577637,0.28575352
0.0,0.12252964079380035,0.102620244
0.5,0.0988142266869545,0.16923693
0.2,0.05138339847326279,0.10455862
0.5,0.3754940629005432,0.57961375
0.0,0.1304347813129425,0.13085085
0.0,-0.09090909361839294,0.10632392
0.5,0.19367589056491852,0.16642404
0.2,-0.06719367951154709,0.14720094
1.0,0.36758893728256226,0.8282868
0.0,-0.035573121160268784,0.034440957
1.0,0.4071146249771118,0.77706236
0.0,0.02766798436641693,0.14510345
0.0,0.05928853899240494,0.16198325
0.2,-0.003952569328248501,0.10145532
0.2,0.06719367951154709,0.11039881
0.0,0.343873530626297,0.48733088
0.2,0.20158103108406067,0.11266534
0.5,0.17786560952663422,0.14610487
0.0,-0.0988142266869545,0.124322295
0.0,-0.10671936720609665,0.030492416
0.2,0.24901185929775238,0.11439256
0.0,0.07509881258010864,0.019180587
0.0,0.10671936720609665,0.23304999
0.2,0.20948617160320282,0.30078945
0.2,0.02766798436641693,0.014115179
0.0,0.24110671877861023,0.049456507
0.0,-0.0988142266869545,0.14757733
0.0,-0.16996046900749207,0.12640123
0.0,-0.1620553433895111,0.16909735
0.2,0.22529643774032593,0.34915057
0.0,-0.05138339847326279,0.1813638
0.2,0.27272728085517883,0.7951557
0.0,0.15415020287036896,0.20174219
1.0,0.3596837818622589,0.70388603
0.2,0.27272728085517883,0.05509353
0.0,0.20158103108406067,0.12313959
0.2,-0.1146245077252388,0.18216418
0.2,0.01976284570991993,0.23730381
0.2,0.011857707053422928,0.50978225
0.5,0.3754940629005432,0.69436735
0.5,0.07509881258010864,0.25339168
0.2,0.2806324064731598,0.33806133
0.0,-0.02766798436641693,0.27232528
0.5,0.12252964079380035,0.21081354
0.2,0.28853756189346313,0.4298534
0.0,-0.07509881258010864,0.10412266
0.2,0.06719367951154709,0.41598666
0.0,-0.07509881258010864,0.23800911
0.0,-0.07509881258010864,0.06776735
0.2,0.27272728085517883,0.064170286
0.2,-0.1146245077252388,0.067538716
0.2,0.05928853899240494,0.08028283
0.0,0.06719367951154709,0.13849436
0.0,0.07509881258010864,0.1457096
1.0,0.3754940629005432,0.6779169
0.0,0.02766798436641693,0.049624033
0.2,0.35177865624427795,0.40295354
0.2,-0.09090909361839294,0.12964347
0.0,0.09090909361839294,0.19808388
0.5,0.36758893728256226,0.6408833
0.2,0.05138339847326279,0.12561886
0.2,0.05928853899240494,0.1358589
0.0,-0.23320157825946808,0.13590972
0.0,-0.15415020287036896,0.096993536
0.5,0.2964426875114441,0.33670142
0.0,-0.09090909361839294,0.10949761
0.0,-0.05138339847326279,0.045793448
0.5,0.3122529685497284,0.2118795
0.5,0.1146245077252388,0.4364811
0.5,0.20158103108406067,0.2507895
0.0,-0.09090909361839294,0.025034975
0.0,0.1620553433895111,0.1078391
0.2,0.20948617160320282,0.05597631
0.2,0.2806324064731598,0.22049771
0.0,-0.0988142266869545,0.14134957
0.0,0.011857707053422928,0.20773375
0.0,-0.16996046900749207,0.07588207
0.2,0.06719367951154709,0.10361536
0.2,0.20948617160320282,0.09100107
0.0,0.003952569328248501,0.09956072
0.5,0.38339921832084656,0.1369257
0.2,-0.011857707053422928,0.13658881
0.2,0.13833992183208466,0.20011067
0.0,-0.12252964079380035,0.045583777
0.2,0.01976284570991993,0.07762331
0.2,-0.01976284570991993,0.092383966
0.2,-0.003952569328248501,0.21678329
0.0,-0.07509881258010864,0.14827834
0.5,0.20158103108406067,0.08723506
0.2,-0.02766798436641693,0.17793849
0.0,-0.0830039530992508,0.27913103
0.2,0.32015809416770935,0.12209403
0.0,-0.07509881258010864,0.05250886
0.2,-0.035573121160268784,0.30026773
0.0,0.09090909361839294,0.35278678
0.0,-0.011857707053422928,0.20598035
0.0,-0.011857707053422928,0.1363565
0.2,0.16996046900749207,0.47005346
0.0,-0.12252964079380035,0.076743275
0.0,0.12252964079380035,0.11681065
0.2,-0.0830039530992508,0.69161475
0.2,0.02766798436641693,0.25929636
0.2,0.18577075004577637,0.48844784
0.2,0.17786560952663422,0.18693931
0.2,0.27272728085517883,0.37712124
0.0,0.06719367951154709,0.08134076
0.2,-0.05928853899240494,0.3381221
0.5,0.21739129722118378,0.8092361
0.2,0.05138339847326279,0.118308894
0.0,0.011857707053422928,0.07779865
0.0,0.01976284570991993,0.20684578
0.0,0.17786560952663422,0.07885639
0.0,-0.07509881258010864,0.042079818
0.0,-0.22529643774032593,0.07042334
0.0,0.20158103108406067,0.17509484
0.5,-0.16996046900749207,0.14892793
0.0,-0.0830039530992508,0.10970135
0.0,-0.035573121160268784,0.152162
0.0,0.011857707053422928,0.20680484
0.2,0.09090909361839294,0.3117739
0.5,0.36758893728256226,0.74770826
0.0,-0.0830039530992508,0.078844726
0.0,-0.02766798436641693,0.038306266
0.2,-0.20948617160320282,0.16165249
0.5,0.3122529685497284,0.5138339
0.2,0.01976284570991993,0.17357017
0.0,0.1462450623512268,0.07126115
0.2,0.011857707053422928,0.13102917
0.2,-0.06719367951154709,0.12669148
0.0,-0.043478261679410934,0.34986296
0.0,0.003952569328248501,0.018990284
0.0,-0.003952569328248501,0.09232391
0.0,-0.1146245077252388,0.110013455
0.2,0.25691699981689453,0.066820845
0.0,-0.30434781312942505,0.109650336
0.0,-0.20948617160320282,0.046818435
1.0,0.4545454680919647,0.75395876
0.5,0.25691699981689453,0.6367738
0.0,0.0988142266869545,0.23513852
1.0,0.5494071245193481,0.7962389
0.0,0.003952569328248501,0.12279152
0.0,-0.043478261679410934,0.02604838
0.0,0.17786560952663422,0.038631167
0.0,-0.10671936720609665,0.16488993
0.2,-0.02766798436641693,0.12565382
0.5,0.02766798436641693,0.7286881
0.2,0.02766798436641693,0.059761316
0.0,0.003952569328248501,0.33275276
0.5,0.16996046900749207,0.2232769
0.0,-0.05928853899240494,0.039930522
0.0,0.1462450623512268,0.1764478
0.0,0.01976284570991993,0.17306013
0.2,0.035573121160268784,0.03410487
1.0,0.32015809416770935,0.7978945
0.0,-0.12252964079380035,0.08223409
0.0,0.05928853899240494,0.12281681
0.0,-0.20948617160320282,0.069847934
0.0,0.16996046900749207,0.036379658
0.2,0.1304347813129425,0.07935345
0.2,0.17786560952663422,0.11175495
0.0,-0.003952569328248501,0.042551596
0.2,0.3122529685497284,0.20781626
0.0,0.1620553433895111,0.25342003
0.2,0.12252964079380035,0.24507107
0.0,-0.1146245077252388,0.09002465
0.5,0.18577075004577637,0.09088401
0.5,0.2964426875114441,0.72340924
0.2,-0.05138339847326279,0.2586786
0.2,0.02766798436641693,0.15565671
0.0,-0.19367589056491852,0.12137937
0.2,0.13833992183208466,0.08862398
0.2,-0.0988142266869545,0.065452665
0.5,0.3122529685497284,0.068222776
0.0,-0.28853756189346313,0.10974504
1.0,0.4308300316333771,0.80815023
0.0,0.02766798436641693,0.15145215
0.0,-0.1304347813129425,0.064669594
0.5,0.2648221254348755,0.64309317
0.0,0.06719367951154709,0.13350207
0.5,0.32015809416770935,0.07648356
0.2,0.1304347813129425,0.04707408
0.2,0.13833992183208466,0.5584285
0.0,0.043478261679410934,0.07453617
0.0,0.09090909361839294,0.14317617
0.2,0.20948617160320282,0.2650983
0.0,-0.043478261679410934,0.12831192
0.0,-0.01976284570991993,0.1488551
0.2,0.1620553433895111,0.061508436
0.2,0.01976284570991993,0.036376648
0.0,0.035573121160268784,0.07061528
0.2,0.35177865624427795,0.60151464
0.0,0.1462450623512268,0.05409188
0.2,0.043478261679410934,0.21449992
0.2,0.22529643774032593,0.6736094
0.0,-0.32015809416770935,0.033446975
0.0,-0.16996046900749207,0.07801179
0.2,-0.07509881258010864,0.14476122
0.0,-0.16996046900749207,0.13015369
0.2,0.0988142266869545,0.18370908
0.2,0.043478261679410934,0.053040817
0.5,0.2964426875114441,0.36251566
0.5,0.32015809416770935,0.07427877
0.0,-0.011857707053422928,0.14893076
0.0,-0.05138339847326279,0.11098679
0.0,-0.06719367951154709,0.09565355
0.0,-0.10671936720609665,0.10320954
0.0,0.043478261679410934,0.06670077
0.0,-0.05928853899240494,0.07802538
0.5,0.035573121160268784,0.36519545
0.0,-0.12252964079380035,0.15166076
0.0,0.10671936720609665,0.1783787
0.2,-0.1304347813129425,0.16084869
0.5,0.17786560952663422,0.08474426
0.5,0.33596837520599365,0.45360902
0.2,0.0830039530992508,0.105809204
0.0,0.16996046900749207,0.31891954
0.0,0.01976284570991993,0.12902693
0.0,-0.01976284570991993,0.12724385
0.0,-0.0830039530992508,0.13624296
0.0,-0.01976284570991993,0.09069586
0.2,0.30434781312942505,0.7640701
0.5,0.0830039530992508,0.3446522
0.2,0.1146245077252388,0.05820887
0.5,0.18577075004577637,0.0661568
0.2,0.4150197505950928,0.3999035
0.2,0.16996046900749207,0.07005188
0.0,0.01976284570991993,0.08150696
0.0,-0.12252964079380035,0.1361295
0.2,0.035573121160268784,0.21987556
0.5,0.10671936720609665,0.12803221
0.0,0.01976284570991993,0.071408406
0.0,-0.035573121160268784,0.047653172
0.2,0.12252964079380035,0.09888112
0.0,0.17786560952663422,0.08342199
0.2,0.25691699981689453,0.13591775
0.0,-0.02766798436641693,0.21814162
1.0,0.30434781312942505,0.38229316
0.0,-0.02766798436641693,0.38640803
0.2,-0.0988142266869545,0.42393985
0.0,-0.035573121160268784,0.15247895
0.0,-0.003952569328248501,0.13269432
0.2,0.28853756189346313,0.17852844
0.0,0.05138339847326279,0.0654523
0.2,0.23320157825946808,0.27827036
0.0,0.17786560952663422,0.08250102
0.2,0.20158103108406067,0.19699986
0.0,-0.07509881258010864,0.1606258
0.0,0.02766798436641693,0.12630211
0.0,-0.0830039530992508,0.110685855
1.0,0.4071146249771118,0.35075948
0.0,0.18577075004577637,0.23068471
0.2,-0.05928853899240494,0.12835342
0.2,0.1620553433895111,0.34893233
1.0,0.27272728085517883,0.779042
0.2,0.05138339847326279,0.040847454
0.2,-0.01976284570991993,0.20508371
0.0,-0.19367589056491852,0.0964823
0.2,-0.05928853899240494,0.082284525
1.0,0.343873530626297,0.7558446
0.0,0.0988142266869545,0.21118437
0.0,-0.12252964079380035,0.13984008
0.0,-0.10671936720609665,0.11687926
0.0,-0.01976284570991993,0.13099512
0.0,0.13833992183208466,0.076140665
0.2,0.09090909361839294,0.13402104
0.5,0.4466403126716614,0.3476724
0.0,0.16996046900749207,0.20201775
0.2,0.15415020287036896,0.043159343
0.2,-0.0830039530992508,0.13049471
0.0,-0.01976284570991993,0.108584166
0.2,0.003952569328248501,0.077918366
0.0,0.003952569328248501,0.13584565
0.2,0.30434781312942505,0.09763496
0.2,0.05928853899240494,0.19668525
0.0,-0.0830039530992508,0.13741316
0.0,0.07509881258010864,0.073917076
0.2,-0.02766798436641693,0.6868569
0.5,0.0988142266869545,0.2524156
0.0,-0.05138339847326279,0.13606168
0.2,0.13833992183208466,0.22318114
0.2,0.18577075004577637,0.14850816
0.2,0.17786560952663422,0.25375754
0.0,0.12252964079380035,0.057374366
0.5,0.23320157825946808,0.5496433
0.0,0.011857707053422928,0.1090979
0.5,0.27272728085517883,0.657885
1.0,0.3913043439388275,0.77238226
0.0,-0.12252964079380035,0.07328811
0.0,-0.09090909361839294,0.018410508
0.2,0.0830039530992508,0.07499562
0.0,-0.24901185929775238,0.100371286
0.0,0.25691699981689453,0.16772382
0.5,0.3122529685497284,0.3280627
0.2,0.36758893728256226,0.077120975
0.2,0.25691699981689453,0.16651967
0.0,-0.003952569328248501,0.17979814
0.0,-0.24901185929775238,0.09320615
0.2,0.1462450623512268,0.26101723
0.0,0.05138339847326279,0.1287736
0.2,-0.10671936720609665,0.12484917
0.0,-0.20948617160320282,0.16265365
0.5,0.35177865624427795,0.75323933
0.2,0.0830039530992508,0.23458785
0.0,-0.23320157825946808,0.16245164
0.2,0.07509881258010864,0.060828682
0.0,0.06719367951154709,0.14322346
0.2,0.3913043439388275,0.5901842
0.5,0.0830039530992508,0.73636264
0.0,-0.02766798436641693,0.19242594
0.2,0.23320157825946808,0.09772213
0.2,0.13833992183208466,0.6694482
0.5,0.10671936720609665,0.20401305
0.2,0.38339921832084656,0.33585036
0.5,0.343873530626297,0.7766983
0.2,0.035573121160268784,0.12055749
0.0,0.05138339847326279,0.116609715
0.2,0.20948617160320282,0.25047612
0.2,0.2648221254348755,0.07450393
0.2,0.19367589056491852,0.07299766
0.0,0.09090909361839294,0.111296445
0.0,-0.1304347813129425,0.23883186
0.2,0.1146245077252388,0.08118444
0.0,-0.043478261679410934,0.14058474
0.5,0.4466403126716614,0.5538353
0.5,0.17786560952663422,0.17370357
0.2,0.1304347813129425,0.6396988
0.0,0.01976284570991993,0.080192864
0.5,0.3122529685497284,0.06968308
0.0,0.06719367951154709,0.0856956
0.2,0.011857707053422928,0.108949445
0.5,0.2964426875114441,0.6432586
0.5,0.18577075004577637,0.38402918
0.0,0.06719367951154709,0.12068981
0.0,0.1462450623512268,0.119882226
0.0,0.0988142266869545,0.250142
0.2,0.043478261679410934,0.6526506
0.2,-0.01976284570991993,0.7393542
0.2,0.011857707053422928,0.12767807
0.0,0.01976284570991993,0.18903537
0.0,0.07509881258010864,0.18350466
0.2,0.02766798436641693,0.20013736
0.2,-0.1462450623512268,0.7199995
0.2,-0.05138339847326279,0.6899977
0.0,-0.16996046900749207,0.130017
0.2,-0.09090909361839294,0.05688828
0.2,0.4387351870536804,0.032807354
0.0,-0.09090909361839294,0.05479277
0.0,0.1146245077252388,0.27143613
0.0,0.12252964079380035,0.06239266
0.0,0.06719367951154709,0.22538432
0.5,0.2806324064731598,0.6808723
0.5,0.24901185929775238,0.6099284
1.0,0.3596837818622589,0.5809824
0.0,-0.035573121160268784,0.046804946
0.0,-0.09090909361839294,0.1437916
0.2,0.10671936720609665,0.23662578
0.2,0.043478261679410934,0.14119318
0.5,0.25691699981689453,0.10763625
0.0,0.035573121160268784,0.14258732
0.5,0.2806324064731598,0.7000269
0.5,0.1462450623512268,0.32455042
0.0,-0.0830039530992508,0.094694175
0.0,0.06719367951154709,0.05744609
0.0,0.043478261679410934,0.07531983
0.0,-0.0988142266869545,0.09810506
0.0,0.24901185929775238,0.10092997
0.0,-0.24110671877861023,0.064315766
0.2,0.07509881258010864,0.17650299
0.0,-0.07509881258010864,0.12377937
0.0,0.17786560952663422,0.15924868
0.5,0.4308300316333771,0.642786
0.0,0.0830039530992508,0.10307136
0.2,0.05928853899240494,0.31227255
0.2,0.20948617160320282,0.1505341
0.5,0.30434781312942505,0.8787535
0.2,0.06719367951154709,0.5177375
1.0,0.17786560952663422,0.4623926
0.2,0.06719367951154709,0.4021687
0.0,-0.035573121160268784,0.041997697
0.2,0.15415020287036896,0.31340897
0.0,0.06719367951154709,0.12232908
0.2,0.07509881258010864,0.08789324
0.2,0.16996046900749207,0.15302868
0.0,0.25691699981689453,0.05183847
0.5,0.343873530626297,0.80950654
0.2,0.01976284570991993,0.2936078
0.5,0.17786560952663422,0.29828852
0.2,0.1304347813129425,0.213682
0.0,0.05138339847326279,0.105397
0.0,0.1462450623512268,0.0559486
0.0,-0.0988142266869545,0.12451922
0.2,0.05928853899240494,0.16416234
1.0,0.24110671877861023,0.4506015
0.0,0.1620553433895111,0.076465815
0.2,-0.09090909361839294,0.10346531
0.2,0.24901185929775238,0.14087757
0.2,0.20158103108406067,0.021330444
0.0,0.10671936720609665,0.09056985
0.2,-0.043478261679410934,0.080462754
0.2,-0.1304347813129425,0.18864633
0.0,-0.05138339847326279,0.15328568
0.2,0.0988142266869545,0.06781828
0.0,-0.01976284570991993,0.15055707
0.0,-0.13833992183208466,0.10968254
0.2,0.12252964079380035,0.057477314
0.5,0.4071146249771118,0.05768766
0.2,0.18577075004577637,0.16152558
0.0,-0.13833992183208466,0.15514119
1.0,0.4387351870536804,0.78648305
0.0,-0.12252964079380035,0.32270357
0.0,-0.07509881258010864,0.184777
0.0,-0.2806324064731598,0.0498511
0.0,0.13833992183208466,0.2269036
0.2,0.21739129722118378,0.08639667
0.2,0.27272728085517883,0.3064717
0.0,0.05138339847326279,0.14497112
0.0,0.07509881258010864,0.32723993
0.5,0.2964426875114441,0.10549375
0.0,-0.01976284570991993,0.150919
0.0,-0.0988142266869545,0.17090385
0.2,-0.09090909361839294,0.19014941
0.2,0.0830039530992508,0.07554775
0.0,-0.05138339847326279,0.19349137
0.5,0.10671936720609665,0.120017365
0.2,0.0988142266869545,0.13549443
1.0,0.27272728085517883,0.53517413
0.0,-0.16996046900749207,0.07329933
0.5,0.01976284570991993,0.32823807
0.0,-0.011857707053422928,0.1284133
0.2,0.1620553433895111,0.39315993
0.0,-0.003952569328248501,0.112834916
0.0,-0.16996046900749207,0.12667187
0.0,-0.0830039530992508,0.060944714
0.2,0.043478261679410934,0.46503755
0.5,0.1620553433895111,0.65507644
0.2,0.011857707053422928,0.13678345
0.0,-0.1620553433895111,0.046080086
0.0,-0.0830039530992508,0.06696631
0.5,0.20948617160320282,0.36507282
0.2,0.1462450623512268,0.21878408
0.0,0.01976284570991993,0.0839299
0.0,-0.1620553433895111,0.106808215
0.0,0.0988142266869545,0.09427602
0.5,0.2964426875114441,0.19054027
0.2,0.12252964079380035,0.14947309
1.0,0.27272728085517883,0.3560094
0.2,0.06719367951154709,0.09903567
0.5,0.1462450623512268,0.13174969
0.2,0.043478261679410934,0.3171238
0.2,0.36758893728256226,0.6557515
0.0,0.0988142266869545,0.0957374
0.2,0.1146245077252388,0.21783654
0.0,-0.24110671877861023,0.117322825
0.2,0.1620553433895111,0.16481224
0.2,0.10671936720609665,0.13034667
0.5,0.3913043439388275,0.79429954
0.0,-0.10671936720609665,0.18656452
0.2,0.17786560952663422,0.1292929
0.0,-0.011857707053422928,0.10074756
0.0,0.0830039530992508,0.4353136
0.0,-0.011857707053422928,0.11105591
0.2,0.19367589056491852,0.38917536
0.2,0.21739129722118378,0.04142716
0.5,0.22529643774032593,0.78706205
0.2,0.1620553433895111,0.14250396
0.0,0.043478261679410934,0.053654455
0.0,-0.1620553433895111,0.27597228
0.0,-0.06719367951154709,0.15731142
0.0,0.1146245077252388,0.032434326
0.0,0.343873530626297,0.33181795
0.0,-0.01976284570991993,0.02510589
0.0,0.1146245077252388,0.12929046
0.2,0.18577075004577637,0.25154805
0.2,0.05928853899240494,0.20035075
0.5,0.33596837520599365,0.49632728
0.0,0.1620553433895111,0.27831218
0.2,0.21739129722118378,0.044693135
0.0,-0.05928853899240494,0.05374892
0.0,-0.035573121160268784,0.2174743
0.0,0.06719367951154709,0.07585587
0.2,-0.043478261679410934,0.19357318
0.0,-0.18577075004577637,0.31087303
0.2,0.36758893728256226,0.086977094
0.0,0.0830039530992508,0.14549412
0.0,-0.043478261679410934,0.07763621
0.0,-0.043478261679410934,0.07796797
0.5,0.2964426875114441,0.5128433
0.0,-0.003952569328248501,0.13113324
0.2,0.17786560952663422,0.43917325
0.5,0.2648221254348755,0.40576077
0.0,-0.011857707053422928,0.084957965
0.5,0.32015809416770935,0.8225101
0.2,0.1146245077252388,0.18913662
0.0,0.043478261679410934,0.11340986
0.5,0.4387351870536804,0.69481915
0.0,-0.12252964079380035,0.1985344
0.0,-0.10671936720609665,0.14917408
0.0,0.035573121160268784,0.095027834
0.0,-0.05138339847326279,0.085661925
0.2,0.16996046900749207,0.12990612
0.2,-0.011857707053422928,0.085326955
0.0,-0.0830039530992508,0.07134228
0.0,0.0830039530992508,0.1164418
0.0,0.18577075004577637,0.36048788
0.2,0.4071146249771118,0.7909403
0.2,-0.01976284570991993,0.16179378
0.5,0.36758893728256226,0.35395676
0.0,-0.2806324064731598,0.1360169
0.0,-0.12252964079380035,0.051353045
0.2,-0.05928853899240494,0.18289714
0.0,0.07509881258010864,0.28762633
0.2,0.17786560952663422,0.7613684
0.0,0.10671936720609665,0.13081264
0.0,0.05928853899240494,0.18335243
0.2,0.09090909361839294,0.08922406
0.0,-0.09090909361839294,0.09237025
0.0,-0.09090909361839294,0.07449788
0.0,-0.07509881258010864,0.081745505
0.2,0.0830039530992508,0.0858349
0.0,0.28853756189346313,0.06358598
0.0,0.0830039530992508,0.12735522
0.5,0.39920949935913086,0.6883116
0.2,0.06719367951154709,0.23255129
0.0,0.05138339847326279,0.033189934
0.0,0.043478261679410934,0.14987211
0.0,-0.07509881258010864,0.11156526
0.0,0.1304347813129425,0.15228674
0.0,0.13833992183208466,0.07269863
0.2,0.06719367951154709,0.11596426
0.0,-0.343873530626297,0.117572024
0.0,-0.1304347813129425,0.10549656
0.5,-0.25691699981689453,0.050753906
0.0,-0.10671936720609665,0.33464032
0.0,-0.07509881258010864,0.11811789
0.0,-0.02766798436641693,0.11281408
0.2,0.10671936720609665,0.31944227
0.0,-0.20158103108406067,0.1564796
0.0,-0.0988142266869545,0.3350058
0.0,0.06719367951154709,0.029778473
0.2,0.0988142266869545,0.0685628
0.2,-0.1146245077252388,0.06631258
0.0,-0.011857707053422928,0.12366429
0.0,0.011857707053422928,0.0881619
0.5,0.1146245077252388,0.059078578
0.0,-0.1304347813129425,0.04566948
0.2,0.011857707053422928,0.059874874
0.0,0.02766798436641693,0.05607624
0.0,0.25691699981689453,0.07358422
0.2,0.0988142266869545,0.19274844
0.0,-0.02766798436641693,0.074750945
0.5,0.33596837520599365,0.08708183
0.0,0.1304347813129425,0.2692211
0.5,0.36758893728256226,0.76247984
0.0,-0.1620553433895111,0.057905354
0.0,-0.13833992183208466,0.15108362
0.0,-0.011857707053422928,0.09684371
0.0,-0.09090909361839294,0.1455117
0.0,-0.0830039530992508,0.08133267
0.0,0.0988142266869545,0.07469605
0.2,0.05928853899240494,0.07748224
0.0,-0.0988142266869545,0.057229854
0.2,0.20158103108406067,0.35664406
0.5,0.16996046900749207,0.37948427
0.0,0.06719367951154709,0.15781753
0.0,0.12252964079380035,0.08458771
0.0,0.1462450623512268,0.15942718
0.0,0.035573121160268784,0.1248171
0.0,0.05928853899240494,0.06979812
0.2,0.035573121160268784,0.042555723
0.0,-0.16996046900749207,0.026058046
0.0,-0.0988142266869545,0.058144324
0.2,0.05928853899240494,0.053882413
0.0,-0.09090909361839294,0.18969022
0.0,0.05928853899240494,0.17272566
0.0,-0.09090909361839294,0.086717926
0.0,0.043478261679410934,0.063083574
0.2,0.15415020287036896,0.18976927
0.0,0.06719367951154709,0.091019236
0.2,0.1462450623512268,0.23556343
0.2,-0.011857707053422928,0.1136735
0.2,0.13833992183208466,0.2084739
0.5,0.39920949935913086,0.3454167
0.0,-0.02766798436641693,0.1418578
0.2,-0.1462450623512268,0.2692263
0.2,0.1304347813129425,0.17861488
0.2,0.12252964079380035,0.44051588
0.0,-0.07509881258010864,0.1014957
0.0,-0.1146245077252388,0.13094616
0.0,-0.035573121160268784,0.39817804
0.2,0.16996046900749207,0.58277017
0.0,0.09090909361839294,0.10451824
0.5,0.27272728085517883,0.6624861
1.0,0.32015809416770935,0.76734763
0.2,0.02766798436641693,0.13985023
0.0,-0.0830039530992508,0.11336729
0.0,-0.18577075004577637,0.1376722
0.2,0.1304347813129425,0.80588984
1.0,0.17786560952663422,0.23223881
0.0,-0.0830039530992508,0.12866433
0.2,-0.12252964079380035,0.15055302
0.5,0.1304347813129425,0.70888066
0.2,0.05138339847326279,0.13114037
0.2,0.07509881258010864,0.03816179
0.2,0.0988142266869545,0.076632686
0.2,-0.05138339847326279,0.12153126
0.0,-0.1304347813129425,0.117353626
0.0,-0.035573121160268784,0.33251813
0.0,0.0988142266869545,0.19613849
0.0,0.15415020287036896,0.24743637
0.0,-0.18577075004577637,0.0563196
0.5,0.2806324064731598,0.47935987
0.5,0.0988142266869545,0.34454826
0.0,-0.19367589056491852,0.20487478
0.2,0.1620553433895111,0.23991503
0.0,-0.18577075004577637,0.17958717
0.2,0.0988142266869545,0.29404095
0.5,0.22529643774032593,0.27409038
0.0,0.05928853899240494,0.025092518
0.0,0.1146245077252388,0.16452403
0.0,0.0988142266869545,0.23542693
0.0,-0.0830039530992508,0.087214485
0.5,0.1620553433895111,0.41417345
0.5,0.19367589056491852,0.75537115
0.0,-0.1462450623512268,0.046478495
0.2,0.07509881258010864,0.1707826
0.2,-0.07509881258010864,0.17686558
0.0,-0.01976284570991993,0.12628151
0.2,0.5177865624427795,0.92310226
0.0,0.043478261679410934,0.031744197
0.5,0.19367589056491852,0.06473442
0.0,0.07509881258010864,0.24421078
0.2,0.05138339847326279,0.0636741
1.0,0.5256916880607605,0.7522838
0.0,0.035573121160268784,0.17673698
0.0,-0.16996046900749207,0.027199049
0.2,0.0830039530992508,0.102899335
0.0,0.043478261679410934,0.08746596
0.0,-0.07509881258010864,0.097175345
0.2,0.1304347813129425,0.19445096
0.0,0.1620553433895111,0.13706785
0.0,0.02766798436641693,0.033278733
0.0,-0.1620553433895111,0.33593994
0.0,-0.18577075004577637,0.07370181
0.0,-0.19367589056491852,0.02274499
0.5,0.1146245077252388,0.17304027
0.2,-0.035573121160268784,0.05340444
0.2,0.18577075004577637,0.20240265
0.0,-0.10671936720609665,0.12352791
0.5,0.35177865624427795,0.7696009
0.2,0.24110671877861023,0.43535924
0.0,0.05138339847326279,0.10728085
0.0,0.043478261679410934,0.06733107
0.5,0.20948617160320282,0.19347578
0.0,-0.05928853899240494,0.29899216
0.0,-0.011857707053422928,0.045545433
1.0,0.3754940629005432,0.38769066
0.0,0.07509881258010864,0.15688263
0.2,0.043478261679410934,0.019894935
0.0,-0.21739129722118378,0.05148806
0.0,0.003952569328248501,0.029609067
0.5,0.5335968136787415,0.9121297
0.2,0.05138339847326279,0.2167962
0.0,0.1620553433895111,0.08439248
0.5,0.1620553433895111,0.41574094
0.0,-0.09090909361839294,0.088881746
0.2,0.05138339847326279,0.07144711
0.0,0.011857707053422928,0.18532108
0.2,0.011857707053422928,0.16912633
0.0,-0.0830039530992508,0.15392548
0.2,0.05928853899240494,0.34797978
0.2,0.15415020287036896,0.21926466
0.0,0.06719367951154709,0.23531502
0.0,0.0988142266869545,0.19237925
0.0,0.011857707053422928,0.18178281
0.0,0.22529643774032593,0.05071559
0.0,-0.23320157825946808,0.1192757
0.0,0.27272728085517883,0.0582235
0.0,-0.12252964079380035,0.0867669
0.0,-0.02766798436641693,0.09170119
0.2,0.27272728085517883,0.12177552
0.2,0.09090909361839294,0.0137402015
0.0,-0.25691699981689453,0.14408942
0.0,-0.05138339847326279,0.14221317
0.2,0.16996046900749207,0.1193071
0.0,0.043478261679410934,0.14640915
0.0,0.05928853899240494,0.23234963
0.0,-0.011857707053422928,0.09267789
0.0,-0.07509881258010864,0.058912873
0.0,-0.02766798436641693,0.053297926
0.2,-0.10671936720609665,0.36717442
0.2,-0.011857707053422928,0.059204325
0.0,-0.19367589056491852,0.088318005
0.0,0.043478261679410934,0.054294884
0.0,0.02766798436641693,0.052854758
0.5,0.12252964079380035,0.7593706
0.0,-0.01976284570991993,0.35648504
0.2,0.0988142266869545,0.08916288
0.2,0.21739129722118378,0.18409514
0.2,0.18577075004577637,0.19146216
0.0,0.09090909361839294,0.3456362
0.0,-0.09090909361839294,0.09555472
0.0,-0.06719367951154709,0.08393685
0.5,0.39920949935913086,0.15002029
0.0,-0.17786560952663422,0.1382854
0.2,0.09090909361839294,0.029745571
0.2,0.18577075004577637,0.12105779
0.2,0.12252964079380035,0.029574098
0.5,0.18577075004577637,0.027842203
0.2,0.4150197505950928,0.06588676
0.2,0.15415020287036896,0.10925949
0.5,0.0830039530992508,0.6322758
0.2,0.011857707053422928,0.10830854
0.0,-0.01976284570991993,0.08244231
0.0,0.003952569328248501,0.064646035
0.5,0.2648221254348755,0.116232686
0.0,0.13833992183208466,0.055794645
0.5,0.3913043439388275,0.07632713
0.0,-0.043478261679410934,0.03671748
0.2,-0.011857707053422928,0.16093555
0.0,-0.21739129722118378,0.09088858
0.2,0.043478261679410934,0.042537075
0.2,0.01976284570991993,0.72136414
0.2,0.1620553433895111,0.21776213
0.5,0.343873530626297,0.6090687
0.2,0.20948617160320282,0.25604525
0.0,-0.043478261679410934,0.06067071
0.2,0.28853756189346313,0.07204474
0.5,0.2964426875114441,0.7370723
0.2,0.24901185929775238,0.094110385
0.0,-0.13833992183208466,0.052575875
0.2,0.39920949935913086,0.05772557
0.2,0.06719367951154709,0.25427252
0.0,0.07509881258010864,0.13418947
0.2,0.3280632495880127,0.6466365
0.0,-0.043478261679410934,0.08570336
0.0,0.13833992183208466,0.066411674
0.2,-0.035573121160268784,0.12730955
0.2,-0.0830039530992508,0.1954425
0.5,0.48616600036621094,0.76146626
0.2,0.06719367951154709,0.06739896
0.0,0.011857707053422928,0.08758445
0.0,0.035573121160268784,0.23310097
0.2,0.1304347813129425,0.027582793
0.0,0.1146245077252388,0.20076866
0.0,-0.043478261679410934,0.13234112
0.0,-0.043478261679410934,0.21979256
0.2,0.0830039530992508,0.710334
0.0,-0.343873530626297,0.041054312
0.0,-0.05928853899240494,0.08306176
0.2,0.035573121160268784,0.22487974
0.0,-0.24901185929775238,0.090980045
0.0,-0.1462450623512268,0.096956484
0.0,-0.06719367951154709,0.1396398
0.5,0.3596837818622589,0.830751
0.0,0.17786560952663422,0.24720763
0.5,0.24110671877861023,0.07724213
0.0,-0.06719367951154709,0.084841825
0.0,-0.003952569328248501,0.22918332
0.2,0.15415020287036896,0.31945112
0.2,0.1304347813129425,0.24819762
0.0,-0.05928853899240494,0.058649257
0.5,0.3754940629005432,0.7808421
0.5,0.17786560952663422,0.7492116
0.0,0.003952569328248501,0.02279853
0.5,0.4466403126716614,0.13190305
0.0,-0.13833992183208466,0.10887649
0.0,-0.06719367951154709,0.06539927
0.0,0.011857707053422928,0.26534784
0.0,0.16996046900749207,0.086666375
0.2,0.1620553433895111,0.061856803
0.2,0.1304347813129425,0.13718815
0.0,-0.011857707053422928,0.3011632
0.0,0.2648221254348755,0.07785583
0.0,-0.011857707053422928,0.04385912
0.0,-0.09090909361839294,0.14206061
0.0,0.05928853899240494,0.20945916
0.2,-0.09090909361839294,0.13568065
0.2,-0.0988142266869545,0.23143382
0.2,0.1146245077252388,0.034828655
0.0,0.02766798436641693,0.14294696
0.5,0.3122529685497284,0.7605507
0.0,-0.003952569328248501,0.12825991
0.5,0.17786560952663422,0.075231455
0.2,0.1146245077252388,0.7492638
0.2,0.035573121160268784,0.15604882
0.0,-0.011857707053422928,0.065780714
0.2,-0.01976284570991993,0.22500336
0.2,0.1462450623512268,0.10606069
0.0,0.035573121160268784,0.12449332
0.2,0.27272728085517883,0.060473923
0.0,0.0988142266869545,0.15835913
0.0,-0.01976284570991993,0.0152484
0.5,0.1304347813129425,0.3064267
0.0,0.07509881258010864,0.08579333
0.0,-0.10671936720609665,0.18588828
0.2,0.043478261679410934,0.15803768
0.2,0.1304347813129425,0.36420125
0.2,0.01976284570991993,0.2164666
0.0,0.20948617160320282,0.07160656
0.0,0.05928853899240494,0.23075432
0.0,0.06719367951154709,0.082538754
0.0,-0.003952569328248501,0.14755106
0.5,0.47035571932792664,0.5552887
0.2,-0.01976284570991993,0.15180564
0.0,0.4071146249771118,0.58182085
0.2,0.20158103108406067,0.16837573
0.0,-0.12252964079380035,0.101929255
0.0,0.05138339847326279,0.113514386
0.2,-0.1304347813129425,0.22486778
0.0,0.09090909361839294,0.037310228
0.5,0.17786560952663422,0.23756628
0.2,-0.05928853899240494,0.2733393
0.2,-0.043478261679410934,0.088306084
0.0,-0.043478261679410934,0.14627673
0.5,0.25691699981689453,0.6599595
0.5,0.5810276865959167,0.8216922
0.2,0.1146245077252388,0.22547024
0.5,0.0988142266869545,0.34192696
0.0,-0.17786560952663422,0.07661438
0.0,-0.07509881258010864,0.13599445
0.2,-0.1462450623512268,0.10890311
0.2,0.28853756189346313,0.4515024
0.0,-0.02766798436641693,0.026378514
0.2,0.4624505937099457,0.63078153
0.0,-0.0988142266869545,0.08538197
0.0,-0.10671936720609665,0.05355752
0.5,0.07509881258010864,0.24444012
0.0,-0.043478261679410934,0.10733852
1.0,0.3596837818622589,0.5974679
0.2,0.20948617160320282,0.14833295
0.2,0.32015809416770935,0.23765975
0.0,-0.16996046900749207,0.14276749
0.5,-0.05138339847326279,0.081546985
0.0,-0.1462450623512268,0.03885104
0.0,-0.07509881258010864,0.14459302
0.5,0.24901185929775238,0.77804464
0.0,-0.18577075004577637,0.20534098
0.0,-0.21739129722118378,0.13060799
0.2,-0.06719367951154709,0.16116406
0.2,0.1146245077252388,0.31927687
0.0,0.3754940629005432,0.14375624
0.0,-0.011857707053422928,0.061851673
0.2,0.10671936720609665,0.09327644
0.0,0.16996046900749207,0.106954314
0.2,-0.035573121160268784,0.037986036
0.5,0.48616600036621094,0.70330954
0.2,0.21739129722118378,0.1921619
0.5,0.2648221254348755,0.67838705
0.0,-0.15415020287036896,0.16219509
0.0,-0.0988142266869545,0.103340864
0.0,-0.043478261679410934,0.2692136
0.5,0.5494071245193481,0.72568727
0.5,0.06719367951154709,0.13660261
0.0,-0.0830039530992508,0.086529024
0.2,-0.01976284570991993,0.0775568
0.0,0.05928853899240494,0.23766579
0.0,-0.0988142266869545,0.15659086
0.0,-0.0988142266869545,0.061196838
0.2,0.16996046900749207,0.48112524
1.0,0.2964426875114441,0.52568924
0.0,0.02766798436641693,0.17604116
0.0,-0.18577075004577637,0.14938283
0.0,0.003952569328248501,0.23750962
1.0,0.4229249060153961,0.7852486
0.2,0.05928853899240494,0.19427484
0.2,0.06719367951154709,0.28433198
0.5,0.24110671877861023,0.71425384
0.5,0.33596837520599365,0.79169667
0.0,0.07509881258010864,0.20861533
0.0,0.01976284570991993,0.04770495
0.2,0.16996046900749207,0.19101499
0.2,0.0830039530992508,0.13582774
0.0,0.09090909361839294,0.2962776
0.2,0.2806324064731598,0.09878017
0.2,-0.035573121160268784,0.104201235
0.0,0.0988142266869545,0.014526934
0.5,0.4466403126716614,0.7462503
0.2,0.09090909361839294,0.04411034
0.0,-0.20158103108406067,0.054126337
0.0,-0.23320157825946808,0.03768635
0.0,0.09090909361839294,0.24653341
0.2,0.13833992183208466,0.10634495
0.0,-0.1620553433895111,0.11483303
0.5,0.19367589056491852,0.0840944
0.0,0.003952569328248501,0.020526456
0.2,-0.1304347813129425,0.17610402
0.2,0.343873530626297,0.117028885
0.2,0.33596837520599365,0.41142458
0.0,0.011857707053422928,0.18904233
0.5,0.15415020287036896,0.35308707
0.2,0.3280632495880127,0.0945816
0.0,-0.06719367951154709,0.11011128
0.2,0.15415020287036896,0.11221372
0.5,0.4387351870536804,0.69393975
0.0,0.02766798436641693,0.2219962
0.5,0.1462450623512268,0.55961317
0.0,-0.0988142266869545,0.18243636
1.0,0.4071146249771118,0.5251434
0.0,-0.13833992183208466,0.1249328
0.0,-0.043478261679410934,0.09078249
0.0,-0.0830039530992508,0.021542806
0.0,-0.043478261679410934,0.06672104
0.2,-0.0830039530992508,0.08166836
0.5,0.1620553433895111,0.12901613
0.0,0.06719367951154709,0.07411287
0.2,0.18577075004577637,0.02983154
0.2,0.06719367951154709,0.07423704
0.5,0.05138339847326279,0.12378888
0.0,-0.15415020287036896,0.083191656
0.2,0.011857707053422928,0.6064061
1.0,0.1304347813129425,0.7673572
0.0,0.12252964079380035,0.10716635
1.0,0.30434781312942505,0.3350533
0.0,-0.01976284570991993,0.057247236
0.0,-0.19367589056491852,0.10251833
0.0,0.01976284570991993,0.17004651
0.5,0.2648221254348755,0.514324
0.2,0.20158103108406067,0.21026523
0.0,-0.15415020287036896,0.13413763
0.2,0.0988142266869545,0.06044736
0.2,0.1620553433895111,0.043041438
0.0,-0.28853756189346313,0.13044076
0.2,0.3122529685497284,0.14323537
0.5,0.4466403126716614,0.42533517
0.0,0.2648221254348755,0.20823689
0.2,0.2648221254348755,0.13861814
0.0,-0.0830039530992508,0.13336685
0.0,-0.011857707053422928,0.15226202
0.2,0.01976284570991993,0.2924625
0.2,0.20158103108406067,0.5779387
0.0,-0.043478261679410934,0.19766164
0.0,0.01976284570991993,0.34981036
0.2,0.011857707053422928,0.043291025
0.2,0.0830039530992508,0.11500679
0.2,0.05138339847326279,0.16573448
0.0,0.035573121160268784,0.10133811
0.0,0.003952569328248501,0.13969897
0.2,0.16996046900749207,0.037779257
0.2,0.011857707053422928,0.06805191
0.2,-0.035573121160268784,0.13087103
0.0,-0.1462450623512268,0.113078445
0.5,0.07509881258010864,0.32819256
0.0,0.06719367951154709,0.03126239
0.0,-0.02766798436641693,0.15306602
0.0,0.15415020287036896,0.06500766
0.0,-0.25691699981689453,0.11260788
0.5,0.30434781312942505,0.7958058
0.0,0.05138339847326279,0.07313815
0.0,-0.13833992183208466,0.13498239
0.0,0.0830039530992508,0.08993773
0.5,0.3280632495880127,0.77875495
0.2,0.10671936720609665,0.2931736
0.2,-0.035573121160268784,0.21060094
0.5,0.0988142266869545,0.67839503
0.5,0.20158103108406067,0.2437656
0.2,0.32015809416770935,0.44406313
0.2,0.18577075004577637,0.12848961
0.0,-0.003952569328248501,0.049456295
0.5,0.47826087474823,0.093809806
0.2,0.011857707053422928,0.3744845
0.0,0.12252964079380035,0.12047177
0.2,-0.035573121160268784,0.20735754
0.2,-0.0988142266869545,0.17905585
0.2,0.20948617160320282,0.11680258
0.0,0.27272728085517883,0.14150982
0.2,-0.0830039530992508,0.15873727
0.2,0.05928853899240494,0.08593416
0.0,-0.035573121160268784,0.1552039
0.0,-0.05928853899240494,0.14138125
0.0,0.20948617160320282,0.16095747
0.2,0.16996046900749207,0.14246574
0.2,0.035573121160268784,0.095329806
0.0,0.035573121160268784,0.16767925
0.0,-0.0830039530992508,0.16048041
0.0,-0.13833992183208466,0.17587967
0.5,0.05138339847326279,0.3513948
0.0,-0.07509881258010864,0.06230324
0.0,-0.13833992183208466,0.09527535
0.0,0.13833992183208466,0.08805318
0.2,0.1462450623512268,0.30616832
0.2,0.1462450623512268,0.120711945
0.2,0.09090909361839294,0.4001874
0.0,0.02766798436641693,0.1841785
0.0,0.0830039530992508,0.10202187
0.0,-0.0988142266869545,0.0858966
0.0,0.09090909361839294,0.07629703
0.0,0.05928853899240494,0.043626577
0.2,0.06719367951154709,0.10590258
0.2,0.035573121160268784,0.035940085
0.0,-0.25691699981689453,0.10901047
0.2,0.1620553433895111,0.0424913
0.0,-0.21739129722118378,0.14568867
0.0,0.05138339847326279,0.10756649
0.0,-0.10671936720609665,0.08865243
0.0,-0.043478261679410934,0.12780668
0.0,-0.10671936720609665,0.15932287
0.0,0.0988142266869545,0.2290487
0.2,0.05138339847326279,0.12963569
0.0,0.01976284570991993,0.1850645
0.0,0.05138339847326279,0.14278294
1.0,0.5256916880607605,0.57360077
0.0,0.12252964079380035,0.026861658
0.5,0.19367589056491852,0.79311955
0.2,-0.07509881258010864,0.648463
0.0,-0.01976284570991993,0.053738147
0.0,-0.19367589056491852,0.1701511
0.2,0.16996046900749207,0.309384
0.2,0.06719367951154709,0.2622733
0.2,0.0830039530992508,0.16317165
0.0,-0.13833992183208466,0.13729604
0.0,0.05928853899240494,0.06507134
0.2,0.1304347813129425,0.39354658
0.2,0.343873530626297,0.64465195
0.5,0.20158103108406067,0.06372756
1.0,0.24110671877861023,0.44207415
0.0,0.16996046900749207,0.20933649
0.0,0.01976284570991993,0.16994719
0.0,0.01976284570991993,0.16786835
0.2,0.30434781312942505,0.34591073
0.0,0.07509881258010864,0.068917595
0.0,0.09090909361839294,0.050805334
0.0,-0.1304347813129425,0.08066259
0.2,0.4545454680919647,0.23314488
0.2,-0.05928853899240494,0.2517941
0.2,0.32015809416770935,0.07381357
0.2,0.16996046900749207,0.15001018
0.0,-0.02766798436641693,0.14576736
0.2,0.06719367951154709,0.10118764
0.0,-0.19367589056491852,0.12030492
0.2,0.06719367951154709,0.2751719
0.5,0.06719367951154709,0.3127188
0.0,0.1304347813129425,0.10010725
0.2,-0.01976284570991993,0.36891758
0.0,-0.1146245077252388,0.17917897
0.2,0.3596837818622589,0.11240554
0.0,-0.0830039530992508,0.1297471
0.0,-0.011857707053422928,0.042783983
0.5,0.25691699981689453,0.11493279
0.5,0.3596837818622589,0.17560396
0.0,0.2806324064731598,0.14597398
0.0,0.12252964079380035,0.1301721
0.0,0.02766798436641693,0.4125217
0.0,0.02766798436641693,0.21745238
0.0,-0.13833992183208466,0.4670741
0.0,-0.1620553433895111,0.15177381
0.0,-0.20948617160320282,0.043791864
0.0,0.0988142266869545,0.081120566
0.5,0.1620553433895111,0.16368447
0.0,0.24901185929775238,0.14882457
1.0,0.35177865624427795,0.8427645
1.0,0.3913043439388275,0.42943546
0.2,-0.1146245077252388,0.12029674
0.0,-0.011857707053422928,0.038658716
0.2,0.27272728085517883,0.042553946
0.2,0.15415020287036896,0.13223974
0.0,0.1146245077252388,0.16179052
0.0,0.13833992183208466,0.14701563
0.5,0.01976284570991993,0.5920689
0.2,0.35177865624427795,0.74843824
0.0,-0.0830039530992508,0.042429663
0.0,0.06719367951154709,0.11187264
0.5,0.1146245077252388,0.5600504
0.0,-0.035573121160268784,0.19358051
0.5,0.19367589056491852,0.7165539
0.2,0.1304347813129425,0.15546457
0.2,0.035573121160268784,0.18651624
0.0,0.043478261679410934,0.6224911
0.0,-0.20948617160320282,0.1073281
0.0,0.02766798436641693,0.034580413
0.2,-0.18577075004577637,0.113477215
0.0,-0.05928853899240494,0.2670197
0.2,0.02766798436641693,0.07840559
0.0,-0.22529643774032593,0.091158494
0.2,-0.17786560952663422,0.12177505
0.0,0.003952569328248501,0.1424209
0.0,-0.043478261679410934,0.038381062
0.2,0.28853756189346313,0.3036372
0.0,-0.2648221254348755,0.044223353
0.0,0.20158103108406067,0.13991317
0.5,0.1146245077252388,0.16146387
0.2,0.035573121160268784,0.12119079
0.0,-0.32015809416770935,0.09064528
0.0,-0.10671936720609665,0.07898634
0.2,0.3754940629005432,0.34175548
0.2,0.16996046900749207,0.34291154
0.0,-0.035573121160268784,0.07003363
0.0,-0.06719367951154709,0.101645276
0.2,0.043478261679410934,0.19604202
0.0,-0.20948617160320282,0.024122322
0.2,-0.1304347813129425,0.1299737
0.0,-0.24110671877861023,0.1341159
0.0,-0.09090909361839294,0.12697096
0.0,0.36758893728256226,0.68744665
0.0,-0.12252964079380035,0.11967925
0.0,-0.17786560952663422,0.13523333
0.0,0.043478261679410934,0.0744158
0.0,0.10671936720609665,0.1612213
0.2,0.1146245077252388,0.23600362
0.0,0.043478261679410934,0.056395385
0.2,0.07509881258010864,0.15121236
0.2,0.27272728085517883,0.10320395
0.2,0.20948617160320282,0.70584756
0.2,0.1620553433895111,0.1861492
0.0,-0.01976284570991993,0.24916905
0.2,0.20948617160320282,0.2615031
0.0,-0.05138339847326279,0.052447278
0.5,0.4071146249771118,0.8084891
0.0,-0.01976284570991993,0.014412514
0.0,-0.043478261679410934,0.14573847
0.0,0.07509881258010864,0.09144444
0.2,-0.0830039530992508,0.5438573
0.2,0.15415020287036896,0.22409438
0.5,0.1304347813129425,0.64808786
0.0,-0.003952569328248501,0.107697986
0.2,0.011857707053422928,0.32201508
0.2,0.01976284570991993,0.11038143
0.5,0.25691699981689453,0.3516207
0.0,0.15415020287036896,0.07108792
0.2,-0.05138339847326279,0.16406828
0.0,0.1304347813129425,0.102865726
0.0,0.011857707053422928,0.059389204
0.0,0.07509881258010864,0.20112604
0.0,-0.02766798436641693,0.1212664
0.0,-0.003952569328248501,0.06184926
0.0,-0.003952569328248501,0.060724184
0.2,0.2806324064731598,0.34064108
0.0,-0.28853756189346313,0.021783575
0.0,0.05928853899240494,0.16676398
0.0,0.22529643774032593,0.23261684
0.2,0.21739129722118378,0.056000177
0.0,0.05928853899240494,0.19088049
0.2,0.12252964079380035,0.11917343
0.2,0.19367589056491852,0.5268434
0.0,0.24110671877861023,0.07477103
0.2,-0.003952569328248501,0.10595343
0.2,-0.035573121160268784,0.35030356
0.5,0.2648221254348755,0.89890546
0.0,-0.02766798436641693,0.12697995
0.2,0.22529643774032593,0.15574165
0.0,-0.17786560952663422,0.05466502
0.0,-0.12252964079380035,0.10531861
0.0,-0.13833992183208466,0.11684725
0.2,0.17786560952663422,0.19604547
0.0,-0.035573121160268784,0.15082042
0.0,0.07509881258010864,0.19794995
0.2,0.035573121160268784,0.6993822
0.0,0.07509881258010864,0.14242111
0.2,0.32015809416770935,0.38775766
0.0,-0.02766798436641693,0.10925778
0.5,0.05138339847326279,0.16582689
0.2,-0.19367589056491852,0.07447925
0.0,-0.043478261679410934,0.059651446
0.5,0.3754940629005432,0.12136451
0.5,0.24901185929775238,0.12528732
1.0,0.2964426875114441,0.3694879
0.0,0.043478261679410934,0.2023878
0.0,0.24901185929775238,0.146358
0.0,-0.07509881258010864,0.08742254
0.0,-0.13833992183208466,0.09168963
0.2,0.24110671877861023,0.30481368
0.2,0.043478261679410934,0.10720746
0.5,0.4387351870536804,0.77567554
0.2,0.05928853899240494,0.031183615
0.2,0.06719367951154709,0.018287724
0.0,-0.05138339847326279,0.15867493
0.2,0.1620553433895111,0.21157226
0.5,0.25691699981689453,0.69116116
0.0,0.06719367951154709,0.16432728
0.2,0.02766798436641693,0.20003961
0.0,0.0988142266869545,0.13812166
0.2,0.02766798436641693,0.09276508
0.5,0.30434781312942505,0.36573195
0.5,0.30434781312942505,0.07420126
0.2,0.09090909361839294,0.12421646
0.0,-0.043478261679410934,0.07653983
0.0,0.02766798436641693,0.03756889
0.0,-0.18577075004577637,0.05049743
0.0,0.011857707053422928,0.11453526
0.0,0.01976284570991993,0.16438545
0.2,0.20948617160320282,0.15734835
0.0,-0.043478261679410934,0.10140878
0.2,0.0988142266869545,0.2588939
0.2,0.09090909361839294,0.20183465
0.0,0.003952569328248501,0.036993664
0.5,0.2964426875114441,0.80167466
0.0,-0.1304347813129425,0.07904784
0.2,0.01976284570991993,0.08420117
0.2,-0.02766798436641693,0.07551462
0.2,-0.01976284570991993,0.1396724
0.0,-0.20158103108406067,0.12047997
0.5,0.4545454680919647,0.8195583
0.0,0.003952569328248501,0.040867608
0.0,-0.06719367951154709,0.1647632
0.2,0.24110671877861023,0.616655
0.2,0.22529643774032593,0.044055674
0.0,0.10671936720609665,0.3463583
0.2,0.011857707053422928,0.36198628
0.0,-0.1146245077252388,0.038735308
0.2,0.22529643774032593,0.14534855
0.0,0.035573121160268784,0.16571352
0.0,-0.07509881258010864,0.18568334
0.5,0.4466403126716614,0.04591044
0.2,0.18577075004577637,0.19858956
0.2,0.25691699981689453,0.3151766
0.0,0.05138339847326279,0.2534989
0.0,-0.06719367951154709,0.22379416
0.2,0.3754940629005432,0.44449905
0.2,0.0988142266869545,0.21027343
0.0,0.06719367951154709,0.124779105
0.2,0.22529643774032593,0.7440144
0.0,0.13833992183208466,0.037822753
0.2,0.1304347813129425,0.1767761
0.0,-0.2806324064731598,0.037388355
0.0,0.06719367951154709,0.15545684
0.0,-0.01976284570991993,0.38915768
0.2,-0.043478261679410934,0.094164304
0.5,0.10671936720609665,0.7454076
0.2,-0.003952569328248501,0.20261341
0.2,-0.12252964079380035,0.13761526
0.0,-0.06719367951154709,0.18879817
0.2,0.3913043439388275,0.18593879
0.0,-0.0830039530992508,0.16264497
1.0,0.23320157825946808,0.5821431
0.2,-0.1462450623512268,0.2773071
0.0,-0.12252964079380035,0.13709511
0.5,0.01976284570991993,0.32628033
0.2,0.33596837520599365,0.038476076
0.5,0.28853756189346313,0.05168952
0.0,-0.01976284570991993,0.056743048
0.2,-0.06719367951154709,0.083849356
0.5,0.3754940629005432,0.43481344
0.2,0.043478261679410934,0.34875372
0.2,0.0988142266869545,0.09121957
0.2,0.18577075004577637,0.3616787
0.0,0.003952569328248501,0.2062287
0.0,0.10671936720609665,0.13942397
0.0,-0.28853756189346313,0.12751634
0.0,-0.0830039530992508,0.03166169
0.2,0.12252964079380035,0.12420884
0.2,0.28853756189346313,0.16036443
0.0,-0.0988142266869545,0.045113
0.2,0.043478261679410934,0.18505055
0.0,0.003952569328248501,0.027912755
0.2,0.15415020287036896,0.36619157
0.0,-0.10671936720609665,0.120458186
0.2,0.27272728085517883,0.49769995
0.5,0.1462450623512268,0.195741
0.0,0.02766798436641693,0.131949
0.5,-0.02766798436641693,0.3692667
0.2,0.05138339847326279,0.043119762
0.5,0.21739129722118378,0.7458173
0.0,-0.0830039530992508,0.034724724
0.0,-0.09090909361839294,0.13702361
0.2,0.05928853899240494,0.090381145
0.0,-0.01976284570991993,0.11465457
0.0,-0.07509881258010864,0.13636114
0.5,0.07509881258010864,0.3822161
0.0,0.16996046900749207,0.19181946
0.2,0.19367589056491852,0.31144476
1.0,0.2648221254348755,0.48413286
1.0,0.22529643774032593,0.6528458
0.0,0.0988142266869545,0.1510527
0.0,0.09090909361839294,0.042613804
0.2,0.09090909361839294,0.172893
0.0,-0.3122529685497284,0.093838386
0.2,0.16996046900749207,0.058505844
0.0,0.1304347813129425,0.11743339
0.0,-0.30434781312942505,0.038823515
0.2,0.3122529685497284,0.0888218
0.0,0.043478261679410934,0.39547879
0.0,0.10671936720609665,0.2263527
1.0,0.48616600036621094,0.81608874
0.2,0.23320157825946808,0.17338191
0.5,0.15415020287036896,0.16491888
0.0,-0.003952569328248501,0.17368726
0.2,0.22529643774032593,0.6498451
0.0,0.035573121160268784,0.19726177
0.2,0.47826087474823,0.11047279
0.0,-0.16996046900749207,0.11116338
0.0,0.24110671877861023,0.31364217
0.2,0.10671936720609665,0.22047138
0.2,0.19367589056491852,0.13842121
0.2,0.24901185929775238,0.1985576
0.2,-0.02766798436641693,0.6624485
0.0,0.0988142266869545,0.08563411
0.0,-0.17786560952663422,0.022562075
0.2,0.25691699981689453,0.04482306
0.2,0.21739129722118378,0.06370976
0.2,0.09090909361839294,0.06103421
0.2,-0.15415020287036896,0.08827475
0.2,-0.01976284570991993,0.6326865
0.2,0.01976284570991993,0.1846829
0.5,0.1462450623512268,0.37413722
0.2,0.36758893728256226,0.6467104
0.5,0.47035571932792664,0.081719056
0.5,-0.16996046900749207,0.16516441
1.0,0.30434781312942505,0.6890572
0.0,0.15415020287036896,0.15604742
0.0,-0.09090909361839294,0.14863078
0.2,0.16996046900749207,0.13725007
0.2,0.0988142266869545,0.17986794
0.0,0.0830039530992508,0.11997607
0.2,0.1620553433895111,0.114597805
0.2,0.09090909361839294,0.39449885
0.2,0.16996046900749207,0.17035313
0.0,-0.011857707053422928,0.3623134
0.2,0.10671936720609665,0.52665496
0.0,-0.1462450623512268,0.07294204
0.0,-0.07509881258010864,0.14711033
0.0,0.035573121160268784,0.05580593
0.2,0.2648221254348755,0.14033356
0.0,-0.19367589056491852,0.10855223
0.0,0.043478261679410934,0.03498286
0.2,0.06719367951154709,0.5705103
1.0,0.25691699981689453,0.3845198
0.2,0.20158103108406067,0.072116606
0.0,-0.05928853899240494,0.3322863
0.5,0.1620553433895111,0.6088384
0.0,0.003952569328248501,0.16446017
0.5,0.20948617160320282,0.40915856
0.2,0.3122529685497284,0.9197404
0.2,0.21739129722118378,0.13079852
0.2,0.1304347813129425,0.22435285
0.0,0.003952569328248501,0.07540903
0.2,0.0988142266869545,0.1611478
0.5,0.3280632495880127,0.6544321
0.0,-0.20158103108406067,0.1011353
0.0,-0.20948617160320282,0.17525443
0.2,0.0830039530992508,0.18544751
0.0,-0.17786560952663422,0.031404097
0.0,0.003952569328248501,0.11290817
0.2,0.19367589056491852,0.09607774
0.5,0.2964426875114441,0.09133324
0.0,0.02766798436641693,0.025494572
1.0,0.343873530626297,0.59183455
0.5,0.4150197505950928,0.45782998
0.0,-0.22529643774032593,0.102021284
0.0,-0.02766798436641693,0.0456658
0.2,0.18577075004577637,0.15201673
0.0,-0.05138339847326279,0.21863738
0.0,0.0988142266869545,0.025246767
0.2,0.16996046900749207,0.1589056
0.2,0.19367589056491852,0.100170135
0.0,0.19367589056491852,0.11378492
0.0,-0.07509881258010864,0.19725198
0.0,-0.1462450623512268,0.13805963
0.0,0.035573121160268784,0.14666067
0.2,0.1462450623512268,0.2573086
0.2,-0.003952569328248501,0.14681391
0.0,0.17786560952663422,0.17628786
0.2,0.24901185929775238,0.03740395
0.0,0.06719367951154709,0.16515613
0.5,0.06719367951154709,0.30174366
0.5,0.5415019989013672,0.6123929
0.2,0.2964426875114441,0.17604133
0.0,0.28853756189346313,0.15276971
0.2,0.27272728085517883,0.051453665
0.0,-0.30434781312942505,0.038666815
0.5,0.18577075004577637,0.12566702
1.0,0.3913043439388275,0.7442991
0.2,-0.011857707053422928,0.18621108
0.0,-0.24901185929775238,0.13242806
0.0,-0.24110671877861023,0.11153153
0.0,-0.06719367951154709,0.3142272
0.5,0.05138339847326279,0.13136892
0.2,0.003952569328248501,0.25694838
0.0,-0.0830039530992508,0.16523646
0.0,-0.13833992183208466,0.05108867
0.5,0.22529643774032593,0.6930064
0.5,0.2964426875114441,0.12872283
0.0,-0.12252964079380035,0.25132486
0.2,0.17786560952663422,0.48821923
1.0,0.36758893728256226,0.5187484
0.2,0.0988142266869545,0.30050695
0.2,0.23320157825946808,0.3736495
0.2,0.05928853899240494,0.4202108
0.5,0.47826087474823,0.51663053
0.2,0.05138339847326279,0.052756578
0.2,0.2964426875114441,0.75179935
0.0,0.003952569328248501,0.17284429
0.0,-0.06719367951154709,0.17157887
0.5,0.1304347813129425,0.6264599
0.2,-0.02766798436641693,0.21693556
0.0,-0.043478261679410934,0.092664026
0.5,0.22529643774032593,0.17073573
0.2,-0.1304347813129425,0.10227336
0.2,0.003952569328248501,0.19666392
0.2,0.10671936720609665,0.4585019
0.2,0.13833992183208466,0.048956603
0.2,-0.01976284570991993,0.18821362
0.0,-0.09090909361839294,0.06910985
0.0,-0.17786560952663422,0.08419283
0.2,0.2806324064731598,0.07925445
0.2,0.06719367951154709,0.13473688
0.2,0.20948617160320282,0.01825764
0.0,0.011857707053422928,0.18752694
0.5,0.011857707053422928,0.22387408
0.2,0.043478261679410934,0.0677962
0.0,0.19367589056491852,0.030747848
0.2,0.28853756189346313,0.42870983
0.2,-0.011857707053422928,0.059910003
1.0,0.27272728085517883,0.76688224
0.0,-0.003952569328248501,0.073021784
0.5,0.32015809416770935,0.06692067
0.5,0.4387351870536804,0.052593634
0.0,0.24901185929775238,0.040225
0.2,0.33596837520599365,0.04689115
0.2,-0.05138339847326279,0.19082563
0.2,0.16996046900749207,0.25032306
0.2,0.12252964079380035,0.14535172
0.2,0.32015809416770935,0.096607104
0.0,-0.10671936720609665,0.0443562
0.2,0.24110671877861023,0.19264655
0.2,-0.043478261679410934,0.18038456
0.0,0.02766798436641693,0.2182435
0.2,0.24901185929775238,0.27721938
0.2,0.12252964079380035,0.21014808
0.0,-0.05928853899240494,0.3530346
0.0,0.1620553433895111,0.15127996
0.5,0.4229249060153961,0.6876553
0.2,0.12252964079380035,0.12534942
0.0,-0.035573121160268784,0.1663202
0.2,-0.011857707053422928,0.11615074
0.0,-0.06719367951154709,0.12856048
0.0,0.20158103108406067,0.04293263
0.2,0.13833992183208466,0.16926204
0.2,0.17786560952663422,0.11216404
0.2,0.23320157825946808,0.22049841
0.5,0.0988142266869545,0.14551002
0.5,0.3122529685497284,0.059068114
0.0,-0.02766798436641693,0.095779575
0.2,0.1462450623512268,0.22445047
0.0,-0.13833992183208466,0.093202926
0.0,0.1462450623512268,0.20567381
1.0,0.28853756189346313,0.60195494
0.5,0.2648221254348755,0.23891452
0.0,0.0988142266869545,0.22649032
0.5,0.4387351870536804,0.5844272
0.0,0.043478261679410934,0.140313
0.0,-0.05928853899240494,0.09658386
0.0,-0.16996046900749207,0.07430572
0.2,0.0830039530992508,0.20384733
0.5,-0.01976284570991993,0.045360386
0.0,-0.035573121160268784,0.13142079
0.2,0.07509881258010864,0.41634837
0.0,0.035573121160268784,0.1279132
0.0,-0.19367589056491852,0.16846015
0.5,0.4229249060153961,0.7805215
0.5,0.4229249060153961,0.07649625
0.0,-0.32015809416770935,0.05059296
0.2,0.0988142266869545,0.029845886
0.2,-0.011857707053422928,0.32969978
0.5,0.10671936720609665,0.33703092
0.2,0.21739129722118378,0.10288318
0.2,0.043478261679410934,0.24319363
0.0,0.1146245077252388,0.22166325
0.5,0.0830039530992508,0.18366536
0.2,0.35177865624427795,0.106464416
0.2,-0.003952569328248501,0.19731542
0.2,0.06719367951154709,0.36105725
0.0,0.0988142266869545,0.10827363
0.2,-0.07509881258010864,0.0725469
0.5,0.20948617160320282,0.3289126
0.2,-0.01976284570991993,0.06314993
0.0,0.011857707053422928,0.16748583
0.0,-0.003952569328248501,0.17958494
0.5,0.28853756189346313,0.14342037
0.0,-0.20158103108406067,0.042957757
0.0,0.15415020287036896,0.12967977
0.0,-0.16996046900749207,0.07401326
0.2,-0.10671936720609665,0.24626747
0.2,0.02766798436641693,0.16848211
0.2,0.07509881258010864,0.17880659
0.0,-0.06719367951154709,0.06928064
0.0,-0.10671936720609665,0.07211444
0.0,-0.1146245077252388,0.12739728
0.0,-0.06719367951154709,0.06989985
0.2,0.20158103108406067,0.86413795
0.2,0.0988142266869545,0.06811145
0.2,0.28853756189346313,0.047367744
0.5,0.0988142266869545,0.11679834
0.2,0.0830039530992508,0.1892435
0.2,-0.09090909361839294,0.10295987
0.2,0.17786560952663422,0.051770605
0.0,-0.12252964079380035,0.078861795
0.2,0.035573121160268784,0.26697123
0.2,0.3596837818622589,0.120529525
0.2,0.18577075004577637,0.20167355
0.0,-0.19367589056491852,0.08950212
0.2,0.1304347813129425,0.046599053
0.2,0.25691699981689453,0.17549777
0.2,0.4150197505950928,0.4304575
0.5,0.27272728085517883,0.7029069
1.0,0.4308300316333771,0.7880451
0.0,-0.0830039530992508,0.15150717
0.0,0.13833992183208466,0.19170707
0.2,0.035573121160268784,0.056064475
0.0,-0.20158103108406067,0.100923054
0.5,0.05138339847326279,0.69964314
0.0,-0.07509881258010864,0.11354812
0.2,0.18577075004577637,0.15708743
1.0,0.3913043439388275,0.77552164
0.0,0.003952569328248501,0.14623408
0.0,-0.1304347813129425,0.10926968
0.0,0.07509881258010864,0.18873668
0.2,0.2648221254348755,0.14702995
0.2,-0.06719367951154709,0.12884161
0.2,-0.05138339847326279,0.10125791
0.5,0.3122529685497284,0.43115398
0.2,0.27272728085517883,0.052449275
0.0,-0.13833992183208466,0.07848118
0.0,0.0830039530992508,0.018189743
0.2,0.16996046900749207,0.16731122
0.2,0.30434781312942505,0.06302961
0.0,-0.05928853899240494,0.11314417
0.0,-0.10671936720609665,0.20484138
0.5,0.20158103108406067,0.14522319
0.2,0.15415020287036896,0.17433114
0.0,-0.035573121160268784,0.1632143
0.0,-0.09090909361839294,0.068905786
0.2,0.22529643774032593,0.18869726
0.0,0.003952569328248501,0.097572744
0.0,0.05138339847326279,0.06651293
0.0,0.13833992183208466,0.21537402
1.0,0.20948617160320282,0.7318562
0.5,0.5335968136787415,0.69590783
0.2,-0.035573121160268784,0.29835778
0.0,0.043478261679410934,0.33783066
0.0,0.003952569328248501,0.09462789
0.2,0.2648221254348755,0.0754648
0.5,0.23320157825946808,0.6354516
0.5,0.2964426875114441,0.23564406
0.0,0.05138339847326279,0.18029685
0.0,0.02766798436641693,0.0656363
0.2,0.0988142266869545,0.10501408
0.2,-0.05928853899240494,0.17095765
0.0,-0.0830039530992508,0.081055865
0.2,0.09090909361839294,0.13587938
0.2,0.20158103108406067,0.2364364
0.2,0.15415020287036896,0.049469627
0.2,0.043478261679410934,0.18037792
0.0,-0.05928853899240494,0.082034476
0.0,-0.06719367951154709,0.113333546
0.0,0.01976284570991993,0.14213823
0.0,0.13833992183208466,0.14177306
0.0,-0.20948617160320282,0.04354016
0.2,0.043478261679410934,0.21041882
0.2,-0.0988142266869545,0.13830507
0.2,-0.10671936720609665,0.24527021
0.0,0.1304347813129425,0.12165872
0.0,0.0830039530992508,0.16530143
0.0,0.1462450623512268,0.12611842
0.0,0.13833992183208466,0.06535123
0.0,0.01976284570991993,0.1394648
0.0,-0.13833992183208466,0.06550043
0.0,0.05928853899240494,0.15289506
0.5,0.3913043439388275,0.75290525
0.0,-0.09090909361839294,0.10334056
0.2,0.28853756189346313,0.38755605
0.2,0.24901185929775238,0.066266395
0.0,0.09090909361839294,0.120092526
0.2,0.07509881258010864,0.42832902
0.0,-0.02766798436641693,0.04039122
0.2,0.1304347813129425,0.024487255
0.0,0.02766798436641693,0.14644463
0.0,0.07509881258010864,0.33161485
0.2,0.36758893728256226,0.80098456
0.0,-0.011857707053422928,0.10982124
0.2,0.035573121160268784,0.2479562
0.2,0.20158103108406067,0.14938644
0.2,0.1620553433895111,0.3724616
0.2,0.05138339847326279,0.11942572
0.2,0.22529643774032593,0.04782824
0.0,0.02766798436641693,0.028888159
0.2,0.33596837520599365,0.29807338
0.0,0.043478261679410934,0.10580645
0.0,0.0988142266869545,0.21083552
0.2,-0.01976284570991993,0.17405657
0.0,-0.1146245077252388,0.038793888
0.2,-0.10671936720609665,0.11101686
0.2,-0.07509881258010864,0.2804789
0.0,0.10671936720609665,0.30753008
0.5,0.27272728085517883,0.6676347
0.2,0.011857707053422928,0.15843475
0.0,-0.12252964079380035,0.051507637
0.2,0.19367589056491852,0.28273565
0.2,0.24901185929775238,0.08249174
0.0,0.003952569328248501,0.15538742
0.2,-0.05138339847326279,0.08699633
0.2,-0.1620553433895111,0.097090036
0.0,0.36758893728256226,0.06354615
0.0,-0.0830039530992508,0.02523164
0.0,-0.0988142266869545,0.19128385
0.2,-0.011857707053422928,0.11067001
0.0,0.12252964079380035,0.210821
0.0,-0.25691699981689453,0.052536912
0.0,-0.10671936720609665,0.10994033
0.0,-0.20948617160320282,0.11660956
0.0,-0.01976284570991993,0.10181224
0.0,-0.0830039530992508,0.07305087
0.5,0.3596837818622589,0.8693609
0.5,0.36758893728256226,0.105253614
0.0,-0.1304347813129425,0.0677459
0.2,-0.05138339847326279,0.17502637
0.2,0.0988142266869545,0.17436329
0.0,0.02766798436641693,0.032466155
0.2,0.13833992183208466,0.08282157
0.0,-0.25691699981689453,0.15730835
0.0,-0.05138339847326279,0.08490143
0.2,-0.035573121160268784,0.23085643
0.2,0.043478261679410934,0.10477263
0.2,0.05138339847326279,0.3469703
1.0,0.5019763112068176,0.7736185
0.5,0.20948617160320282,0.595752
0.0,0.13833992183208466,0.11045223
0.5,0.3122529685497284,0.7272495
0.2,-0.035573121160268784,0.21998593
0.0,-0.0988142266869545,0.015925594
0.2,0.003952569328248501,0.39435157
0.2,0.1304347813129425,0.14417155
0.2,0.1304347813129425,0.07345655
0.0,0.1304347813129425,0.17899114
0.0,-0.0988142266869545,0.05925007
0.0,0.0830039530992508,0.11232022
0.0,0.07509881258010864,0.025523974
0.2,0.043478261679410934,0.12278965
0.0,-0.02766798436641693,0.14660682
0.0,-0.0988142266869545,0.1556432
0.2,-0.07509881258010864,0.02576179
0.2,0.28853756189346313,0.34513953
0.0,-0.12252964079380035,0.11140763
0.5,0.2806324064731598,0.632938
0.2,-0.003952569328248501,0.063093185
0.2,0.0988142266869545,0.1932184
0.2,0.20948617160320282,0.06945052
0.2,0.20158103108406067,0.034261785
0.5,0.17786560952663422,0.65491253
0.2,0.0830039530992508,0.19484638
0.0,-0.035573121160268784,0.32137465
0.0,-0.09090909361839294,0.11751887
0.2,0.30434781312942505,0.08917328
0.0,0.33596837520599365,0.3586078
0.5,0.33596837520599365,0.84322214
0.2,-0.0830039530992508,0.33950835
0.2,-0.035573121160268784,0.059858892
0.2,0.20948617160320282,0.3519213
0.5,0.5810276865959167,0.7481262
0.0,-0.1462450623512268,0.20736292
0.0,-0.07509881258010864,0.049816757
0.2,-0.02766798436641693,0.6068897
0.0,-0.043478261679410934,0.14349131
0.0,0.17786560952663422,0.36984336
0.0,-0.18577075004577637,0.15638769
0.0,0.1462450623512268,0.039554447
0.0,-0.20948617160320282,0.1641783
0.0,-0.01976284570991993,0.08853607
0.2,0.4466403126716614,0.17748398
0.5,0.3122529685497284,0.7778526
0.0,-0.1462450623512268,0.035382655
0.0,0.07509881258010864,0.15274069
0.2,0.19367589056491852,0.18551646
0.2,0.05138339847326279,0.07694302
0.2,-0.01976284570991993,0.12617852
0.2,-0.05138339847326279,0.08933431
0.2,0.25691699981689453,0.1331784
0.0,0.10671936720609665,0.19743602
0.0,-0.09090909361839294,0.117304735
0.0,-0.10671936720609665,0.037817564
0.2,0.3596837818622589,0.07680242
0.2,0.07509881258010864,0.25826907
0.2,0.30434781312942505,0.38719293
0.0,0.06719367951154709,0.11792049
0.0,0.09090909361839294,0.109419145
0.0,-0.12252964079380035,0.055430055
0.0,-0.10671936720609665,0.05877827
0.2,-0.05928853899240494,0.04622943
0.2,0.02766798436641693,0.12569636
0.2,0.011857707053422928,0.23957086
0.0,-0.05138339847326279,0.3145265
0.2,0.17786560952663422,0.18865003
0.2,0.1462450623512268,0.28242114
0.0,-0.035573121160268784,0.05889355
0.0,0.06719367951154709,0.37613857
0.0,0.05928853899240494,0.102529496
0.2,0.1304347813129425,0.2591822
0.0,-0.0830039530992508,0.017516606
0.0,0.035573121160268784,0.23261322
1.0,0.4150197505950928,0.49990657
0.2,0.32015809416770935,0.17449747
0.5,0.3913043439388275,0.5004046
0.0,0.01976284570991993,0.03922114
0.0,0.0830039530992508,0.09223476
0.0,0.01976284570991993,0.1419029
0.2,0.06719367951154709,0.17190966
0.0,0.011857707053422928,0.19721125
0.5,0.0830039530992508,0.08737481
0.0,0.09090909361839294,0.04730676
0.2,0.1146245077252388,0.16635992
0.0,-0.0988142266869545,0.18895128
0.0,-0.05138339847326279,0.19371653
0.5,0.18577075004577637,0.32074812
0.0,0.035573121160268784,0.1783693
0.0,-0.05138339847326279,0.101891115
1.0,0.4308300316333771,0.80226034
0.2,0.01976284570991993,0.1803971
0.5,0.22529643774032593,0.34341702
0.0,-0.16996046900749207,0.14933755
0.5,0.2964426875114441,0.38637614
0.0,-0.32015809416770935,0.124837324
1.0,0.48616600036621094,0.8870565
0.0,0.035573121160268784,0.14186707
0.2,0.0988142266869545,0.043832496
0.0,-0.1146245077252388,0.17215593
0.2,0.27272728085517883,0.099835426
0.5,0.24901185929775238,0.5786773
0.5,0.4387351870536804,0.4731997
0.0,-0.23320157825946808,0.13350527
0.0,-0.06719367951154709,0.06483597
0.2,0.07509881258010864,0.20726213
0.5,0.38339921832084656,0.22830589
0.2,0.30434781312942505,0.8188064
0.2,0.24110671877861023,0.41733375
0.0,0.02766798436641693,0.05491515
0.5,0.02766798436641693,0.048835117
0.2,0.13833992183208466,0.13103488
0.2,0.0988142266869545,0.19725297
0.2,0.09090909361839294,0.16251452
0.0,0.20158103108406067,0.13002387
0.0,0.01976284570991993,0.13975002
0.0,0.20948617160320282,0.06094468
0.2,0.20158103108406067,0.089347914
0.5,0.19367589056491852,0.5693267
0.2,0.05138339847326279,0.07425572
0.0,-0.12252964079380035,0.08647874
0.2,0.22529643774032593,0.3197877
0.0,0.003952569328248501,0.020206135
0.0,-0.1462450623512268,0.14390522
0.2,-0.06719367951154709,0.6659693
0.0,-0.05138339847326279,0.071279034
0.0,-0.01976284570991993,0.03700962
0.2,0.21739129722118378,0.23381013
0.0,-0.043478261679410934,0.18930131
0.0,-0.07509881258010864,0.04067173
0.0,-0.0988142266869545,0.10299169
0.5,0.09090909361839294,0.31484434
0.5,0.39920949935913086,0.7884817
0.0,-0.1304347813129425,0.10136799
0.2,0.15415020287036896,0.33536893
0.0,-0.05928853899240494,0.20745344
0.0,0.15415020287036896,0.042000487
0.2,0.16996046900749207,0.037971567
0.2,0.2806324064731598,0.39218053
0.0,0.01976284570991993,0.3179887
0.0,-0.15415020287036896,0.03526657
0.2,0.47035571932792664,0.05662817
0.0,-0.003952569328248501,0.08160057
0.0,-0.2964426875114441,0.12638624
0.0,0.035573121160268784,0.037986718
0.0,-0.0988142266869545,0.09432404
0.0,-0.06719367951154709,0.12039846
0.0,-0.003952569328248501,0.15212484
0.2,0.05928853899240494,0.17319551
0.2,0.3122529685497284,0.18558374
0.2,-0.02766798436641693,0.7008119
0.2,-0.05928853899240494,0.12528922
0.5,0.1462450623512268,0.09968428
0.2,-0.10671936720609665,0.1525552
0.0,-0.20158103108406067,0.12567826
0.0,-0.05138339847326279,0.12093746
0.2,0.011857707053422928,0.1825969
0.2,0.13833992183208466,0.47267854
0.0,0.1146245077252388,0.096518576
0.5,0.28853756189346313,0.7626236
0.2,0.1146245077252388,0.16303171
0.2,-0.16996046900749207,0.17066297
0.0,0.05138339847326279,0.03490604
0.2,-0.07509881258010864,0.02684696
0.2,0.0988142266869545,0.35237542
0.2,-0.2648221254348755,0.14699244
0.5,0.5019763112068176,0.49349722
0.5,0.343873530626297,0.4993212
0.5,0.38339921832084656,0.6172505
0.5,0.38339921832084656,0.0775412
0.5,0.06719367951154709,0.36045566
0.0,0.05928853899240494,0.04376234
0.0,-0.06719367951154709,0.1285369
0.2,-0.035573121160268784,0.16143818
0.2,0.15415020287036896,0.29713938
0.2,0.16996046900749207,0.15701109
0.2,0.21739129722118378,0.3828038
0.2,0.17786560952663422,0.10937703
0.5,0.19367589056491852,0.54576683
0.2,0.3913043439388275,0.0613291
0.2,0.1146245077252388,0.15065403
0.2,0.1304347813129425,0.16477506
1.0,0.24901185929775238,0.7041711
0.0,-0.12252964079380035,0.096281864
0.0,0.05928853899240494,0.08077417
0.2,0.05928853899240494,0.070999235
0.2,-0.035573121160268784,0.7015027
0.0,0.05928853899240494,0.051454727
0.0,-0.1462450623512268,0.11262997
0.2,0.1304347813129425,0.15366252
0.0,0.3913043439388275,0.040411297
0.0,0.02766798436641693,0.048987027
0.0,0.043478261679410934,0.06518946
0.0,0.1620553433895111,0.13602318
0.2,0.2964426875114441,0.87199986
0.2,-0.13833992183208466,0.062354226
0.2,0.1462450623512268,0.23535113
0.2,0.05928853899240494,0.2540252
0.0,-0.011857707053422928,0.046805147
0.0,0.07509881258010864,0.1496237
0.0,-0.02766798436641693,0.14593191
0.2,0.24110671877861023,0.76712203
0.2,0.10671936720609665,0.05008015
0.0,-0.09090909361839294,0.060989507
0.2,-0.07509881258010864,0.16984293
0.2,0.2964426875114441,0.38732082
0.0,0.19367589056491852,0.062481824
0.2,0.20948617160320282,0.062172107
0.2,-0.24110671877861023,0.03386634
0.0,0.12252964079380035,0.28123748
0.0,-0.02766798436641693,0.25602266
0.0,0.20158103108406067,0.15946652
0.2,-0.05138339847326279,0.35717702
0.2,-0.043478261679410934,0.090545356
0.0,-0.1304347813129425,0.33093455
0.2,0.003952569328248501,0.059287168
0.5,0.2648221254348755,0.21577245
0.5,0.19367589056491852,0.74411935
0.0,0.0988142266869545,0.126723
0.0,0.003952569328248501,0.3083152
0.2,0.24110671877861023,0.36738753
0.2,0.011857707053422928,0.105042994
0.0,-0.16996046900749207,0.29685977
0.2,0.06719367951154709,0.16506225
0.2,-0.035573121160268784,0.4369747
0.2,0.24110671877861023,0.06219368
0.0,-0.19367589056491852,0.16986842
0.2,0.12252964079380035,0.27813175
0.0,-0.28853756189346313,0.07057504
0.2,0.0988142266869545,0.06673656
0.2,0.0988142266869545,0.15638314
0.5,0.47826087474823,0.5159435
0.2,0.24110671877861023,0.41928214
0.2,-0.035573121160268784,0.061255466
0.0,-0.003952569328248501,0.054571852
0.2,0.4071146249771118,0.6461269
0.0,0.1304347813129425,0.067906626
0.2,0.1462450623512268,0.19724038
0.0,0.01976284570991993,0.22942567
0.0,-0.24901185929775238,0.10658298
0.2,0.09090909361839294,0.087703
0.2,0.13833992183208466,0.14985591
0.2,0.15415020287036896,0.18524837
0.2,-0.0830039530992508,0.17028429
1.0,0.30434781312942505,0.77892315
0.0,0.003952569328248501,0.03970742
0.2,0.19367589056491852,0.41770327
0.0,0.0988142266869545,0.101191685
0.2,-0.035573121160268784,0.123042636
0.2,0.003952569328248501,0.13770625
0.0,-0.10671936720609665,0.13261878
0.2,0.22529643774032593,0.34434247
0.0,-0.0988142266869545,0.06195869
0.2,0.02766798436641693,0.18727678
0.2,0.4387351870536804,0.5651275
0.5,0.33596837520599365,0.8073345
0.0,-0.0830039530992508,0.0088093765
0.5,0.12252964079380035,0.32956868
0.5,0.003952569328248501,0.3611052
0.0,-0.1146245077252388,0.0786244
0.2,0.15415020287036896,0.56402105
0.5,0.47035571932792664,0.9172003
0.0,0.1620553433895111,0.17787693
0.0,-0.09090909361839294,0.100622356
0.2,0.043478261679410934,0.21469787
0.0,-0.1304347813129425,0.04675125
1.0,0.3122529685497284,0.47970495
0.2,0.011857707053422928,0.070425026
0.2,-0.011857707053422928,0.30479163
0.2,-0.043478261679410934,0.7487228
0.0,-0.0988142266869545,0.15585604
0.0,0.18577075004577637,0.1969152
0.0,0.011857707053422928,0.105453596
0.2,0.05138339847326279,0.09709313
0.0,-0.09090909361839294,0.13621384
0.2,-0.01976284570991993,0.28846714
0.5,0.21739129722118378,0.056698553
0.2,0.39920949935913086,0.26200134
0.2,0.12252964079380035,0.10600236
0.0,-0.02766798436641693,0.33653253
0.2,-0.06719367951154709,0.15805113
0.5,0.32015809416770935,0.63009745
0.5,0.24110671877861023,0.70037174
0.0,-0.06719367951154709,0.13694796
0.2,-0.05138339847326279,0.34004942
0.0,-0.05928853899240494,0.07155978
0.0,0.011857707053422928,0.17300586
0.5,0.24110671877861023,0.7819471
0.0,-0.05138339847326279,0.34050244
0.0,-0.32015809416770935,0.14259979
0.0,0.05138339847326279,0.5186855
0.0,-0.05928853899240494,0.07569418
0.0,-0.043478261679410934,0.11714318
0.2,0.02766798436641693,0.2406229
0.2,0.25691699981689453,0.13230929
0.5,0.4229249060153961,0.8062986
0.0,0.07509881258010864,0.21016842
1.0,0.2648221254348755,0.6417412
0.0,0.011857707053422928,0.08499662
0.5,0.2806324064731598,0.15303718
0.2,0.011857707053422928,0.072617225
0.0,-0.003952569328248501,0.08899909
0.2,0.1462450623512268,0.050370865
0.0,-0.05138339847326279,0.14340857
0.5,0.035573121160268784,0.22511134
0.0,-0.02766798436641693,0.01871956
0.2,-0.07509881258010864,0.088558085
0.0,0.05138339847326279,0.08339886
0.0,0.06719367951154709,0.24925177
0.5,0.18577075004577637,0.10505994
0.2,0.035573121160268784,0.16438775
0.2,0.343873530626297,0.15314524
0.0,-0.19367589056491852,0.04530422
0.0,-0.05138339847326279,0.18842581
0.0,-0.0830039530992508,0.061452642
0.2,0.0830039530992508,0.20912743
0.0,-0.003952569328248501,0.194367
0.2,-0.01976284570991993,0.09432676
0.0,-0.035573121160268784,0.14678852
0.0,0.09090909361839294,0.10677613
0.2,0.05138339847326279,0.080747046
0.0,0.011857707053422928,0.23635429
0.5,0.3122529685497284,0.3128901
0.0,0.18577075004577637,0.13094361
0.2,0.28853756189346313,0.05870524
0.0,-0.011857707053422928,0.069870226
0.2,0.043478261679410934,0.08118892
0.0,0.01976284570991993,0.17821369
0.2,0.09090909361839294,0.12288198
0.2,0.0988142266869545,0.6723146
0.0,-0.011857707053422928,0.09599027
0.2,0.16996046900749207,0.06584158
1.0,0.4624505937099457,0.90700203
0.0,-0.1462450623512268,0.070979804
0.2,0.1462450623512268,0.043304734
0.2,0.0830039530992508,0.45061478
0.5,0.36758893728256226,0.55655116
0.2,-0.011857707053422928,0.072423026
0.2,0.16996046900749207,0.08531034
0.5,0.2806324064731598,0.8135727
1.0,0.39920949935913086,0.8131171
0.0,-0.035573121160268784,0.22210082
0.0,-0.011857707053422928,0.11864616
0.0,-0.043478261679410934,0.16704825
0.0,0.05928853899240494,0.064014055
0.0,0.011857707053422928,0.08095551
0.5,0.1462450623512268,0.28825882
0.2,0.1620553433895111,0.14670266
0.2,0.01976284570991993,0.09272409
0.2,0.4150197505950928,0.58964443
0.2,0.09090909361839294,0.41376162
0.0,-0.17786560952663422,0.10342469
0.0,0.01976284570991993,0.22007383
0.0,-0.01976284570991993,0.3828718
0.0,-0.0988142266869545,0.09939186
0.2,0.15415020287036896,0.22903624
0.2,0.0988142266869545,0.2384345
0.0,-0.19367589056491852,0.12218611
1.0,0.3754940629005432,0.750246
0.2,0.07509881258010864,0.12142027
0.0,-0.1304347813129425,0.10146447
0.0,-0.1146245077252388,0.08122242
0.0,-0.035573121160268784,0.151785
0.5,0.0830039530992508,0.28079465
0.0,0.011857707053422928,0.10281557
0.0,0.05928853899240494,0.070189744
0.2,0.1462450623512268,0.39604202
0.5,0.25691699981689453,0.040883947
0.2,-0.1146245077252388,0.32906199
0.0,0.23320157825946808,0.02533216
0.2,0.3913043439388275,0.4326503
0.2,0.2648221254348755,0.14894609
0.0,0.20948617160320282,0.11719162
0.0,0.05928853899240494,0.052331906
0.2,0.05928853899240494,0.12517843
0.0,-0.0830039530992508,0.04930374
0.5,0.4308300316333771,0.16963923
0.5,0.21739129722118378,0.774855
0.0,0.02766798436641693,0.033859834
0.0,-0.043478261679410934,0.029355625
0.2,0.1462450623512268,0.25548705
0.0,0.043478261679410934,0.30687025
0.0,-0.07509881258010864,0.13785154
0.5,0.22529643774032593,0.32779664
0.0,0.043478261679410934,0.09489199
0.0,-0.1146245077252388,0.13023733
0.2,-0.011857707053422928,0.03900616
0.0,-0.20158103108406067,0.07174334
0.2,0.035573121160268784,0.47778577
0.0,0.003952569328248501,0.13170743
0.0,-0.1620553433895111,0.096004
0.0,0.05138339847326279,0.16670299
0.2,0.0830039530992508,0.15229608
0.0,-0.07509881258010864,0.13588955
0.0,-0.1462450623512268,0.11991172
0.0,0.0830039530992508,0.043373704
0.2,0.0988142266869545,0.14735268
0.2,0.01976284570991993,0.062419243
0.0,-0.16996046900749207,0.15138777
0.2,0.05138339847326279,0.18738067
0.2,0.06719367951154709,0.18948163
0.0,0.0988142266869545,0.20416205
0.2,-0.043478261679410934,0.6879462
0.5,0.05138339847326279,0.36168593
0.2,0.043478261679410934,0.33413678
0.2,0.32015809416770935,0.6242705
0.2,0.19367589056491852,0.053017147
0.2,0.1620553433895111,0.405938
0.0,-0.2964426875114441,0.03848825
0.5,0.30434781312942505,0.8054193
0.0,-0.05928853899240494,0.0364203
0.5,0.4150197505950928,0.50145036
0.0,0.035573121160268784,0.03949111
0.0,-0.1304347813129425,0.09433846
0.0,-0.011857707053422928,0.18250467
0.2,0.05138339847326279,0.04712922
0.0,-0.18577075004577637,0.03847837
0.2,0.48616600036621094,0.0765189
0.2,0.07509881258010864,0.19629993
0.0,0.035573121160268784,0.36882752
0.0,-0.02766798436641693,0.14519015
0.2,-0.05138339847326279,0.2747305
0.0,-0.06719367951154709,0.06693818
0.2,0.05928853899240494,0.18746486
0.0,0.01976284570991993,0.15931106
0.0,0.01976284570991993,0.32363993
0.2,0.1146245077252388,0.025067171
0.0,-0.1620553433895111,0.06041103
0.0,-0.01976284570991993,0.10006478
0.2,0.02766798436641693,0.08486635
0.2,0.18577075004577637,0.048044555
0.0,-0.343873530626297,0.15049134
0.2,0.22529643774032593,0.06659845
0.0,0.05138339847326279,0.21405412
0.0,-0.09090909361839294,0.17316312
0.2,0.003952569328248501,0.057970583
0.2,0.1462450623512268,0.116279565
0.0,0.0988142266869545,0.08278572
0.0,-0.01976284570991993,0.061308775
0.2,0.09090909361839294,0.12262324
0.0,0.0830039530992508,0.29185686
0.0,0.02766798436641693,0.046857513
0.2,0.16996046900749207,0.15678002
0.5,0.48616600036621094,0.06494828
0.0,0.10671936720609665,0.05519563
0.2,0.3596837818622589,0.23102102
0.2,-0.0830039530992508,0.3700381
0.0,0.035573121160268784,0.025758583
0.5,0.06719367951154709,0.42022556
0.2,0.1304347813129425,0.10706715
0.0,0.1620553433895111,0.069887534
1.0,0.20948617160320282,0.76584333
0.0,0.003952569328248501,0.08555719
0.0,-0.10671936720609665,0.11648448
0.0,0.3280632495880127,0.09184305
0.2,0.23320157825946808,0.26589018
0.2,0.01976284570991993,0.36282754
0.2,0.1620553433895111,0.05221054
0.0,-0.035573121160268784,0.14857745
0.0,-0.02766798436641693,0.09267098
0.0,-0.12252964079380035,0.11429356
0.0,0.035573121160268784,0.07237123
0.0,-0.15415020287036896,0.10624724
0.2,0.0988142266869545,0.09077348
0.0,-0.1462450623512268,0.063068226
0.0,-0.043478261679410934,0.09226827
0.5,0.2648221254348755,0.41214857
0.0,-0.06719367951154709,0.023466874
0.0,-0.043478261679410934,0.06672359
0.2,0.20948617160320282,0.21211374
0.2,0.1304347813129425,0.18789896
0.2,0.05928853899240494,0.3744861
0.0,-0.01976284570991993,0.096309125
0.0,0.02766798436641693,0.3675484
0.5,0.15415020287036896,0.19452052
0.2,0.05928853899240494,0.5065531
0.0,0.1462450623512268,0.11491347
0.5,0.2648221254348755,0.18101364
0.0,-0.011857707053422928,0.06808689
0.2,0.25691699981689453,0.13559875
0.2,-0.1146245077252388,0.08836151
0.2,0.343873530626297,0.56638956
0.0,0.003952569328248501,0.022158612
0.0,-0.16996046900749207,0.06763184
0.0,0.18577075004577637,0.41262442
0.0,0.24110671877861023,0.1292117
0.2,0.043478261679410934,0.64841014
0.0,0.011857707053422928,0.0966046
0.2,-0.0830039530992508,0.080215186
1.0,0.4545454680919647,0.7761064
0.5,0.0988142266869545,0.6768216
0.2,0.4071146249771118,0.6437444
0.5,0.30434781312942505,0.5201957
0.0,-0.2648221254348755,0.10720726
0.2,0.13833992183208466,0.19233993
0.5,0.32015809416770935,0.17687039
0.2,0.2806324064731598,0.11815809
0.5,0.011857707053422928,0.4751409
0.0,-0.12252964079380035,0.13102098
0.0,-0.17786560952663422,0.14983058
0.0,0.043478261679410934,0.08428133
0.0,-0.06719367951154709,0.114487484
1.0,0.4150197505950928,0.65255105
0.0,-0.043478261679410934,0.30824322
0.0,0.05138339847326279,0.108062275
0.5,0.25691699981689453,0.12817614
0.5,0.33596837520599365,0.67783326
0.2,0.05928853899240494,0.2483809
0.0,0.19367589056491852,0.027748572
0.0,-0.19367589056491852,0.09920912
0.0,0.05138339847326279,0.11575
0.0,0.035573121160268784,0.14859197
0.2,-0.01976284570991993,0.6943911
0.5,0.36758893728256226,0.79511523
0.0,-0.17786560952663422,0.07529512
0.0,-0.02766798436641693,0.28099534
0.0,0.003952569328248501,0.21201722
0.5,0.47826087474823,0.04484146
0.5,0.38339921832084656,0.5900099
1.0,0.3754940629005432,0.68539834
0.2,-0.011857707053422928,0.16264819
0.5,0.20948617160320282,0.29856798
0.2,0.4150197505950928,0.14085332
0.0,-0.16996046900749207,0.15604463
0.0,0.1462450623512268,0.1431453
0.2,-0.003952569328248501,0.13038957
0.0,0.02766798436641693,0.31672367
0.2,0.22529643774032593,0.43143633
0.2,0.1620553433895111,0.25056148
0.2,0.16996046900749207,0.5773065
0.2,-0.011857707053422928,0.077272594
1.0,0.25691699981689453,0.56937635
0.0,-0.1462450623512268,0.06708645
0.2,0.15415020287036896,0.12920137
0.5,0.27272728085517883,0.6742291
0.0,-0.1304347813129425,0.14942616
0.2,-0.1620553433895111,0.15011959
0.2,-0.02766798436641693,0.4088858
0.5,0.2806324064731598,0.21112384
0.2,0.16996046900749207,0.13705306
0.0,-0.0830039530992508,0.10927655
0.0,0.043478261679410934,0.13397889
0.2,0.2964426875114441,0.04331831
0.5,0.3122529685497284,0.5595552
0.0,-0.06719367951154709,0.19674578
0.0,0.043478261679410934,0.08759867
0.0,-0.09090909361839294,0.18279836
0.0,-0.15415020287036896,0.14499359
0.0,0.19367589056491852,0.2257551
0.2,0.2648221254348755,0.25375396
0.0,-0.1304347813129425,0.16411476
0.0,-0.1304347813129425,0.033347435
0.0,-0.003952569328248501,0.2611742
0.0,0.05138339847326279,0.07176158
0.0,-0.05928853899240494,0.05521517
0.0,-0.043478261679410934,0.057915237
0.0,0.35177865624427795,0.23552042
0.0,-0.19367589056491852,0.1588816
0.2,0.35177865624427795,0.59271044
0.0,0.011857707053422928,0.06948055
0.2,0.01976284570991993,0.04545636
0.0,-0.003952569328248501,0.3487048
0.5,0.27272728085517883,0.43528068
0.2,0.16996046900749207,0.06697394
0.2,-0.02766798436641693,0.10103673
0.2,0.25691699981689453,0.080326535
0.0,-0.02766798436641693,0.105098
0.5,0.35177865624427795,0.7686041
0.0,0.17786560952663422,0.29203036
0.2,0.09090909361839294,0.044976138
0.2,0.1304347813129425,0.3644103
0.5,0.20948617160320282,0.30157155
0.2,0.2648221254348755,0.080027625
0.2,0.1304347813129425,0.062255774
0.0,0.1304347813129425,0.12013809
0.0,0.01976284570991993,0.17886741
0.0,0.043478261679410934,0.21387516
0.2,0.20158103108406067,0.17707534
0.5,0.343873530626297,0.74603045
0.0,-0.05928853899240494,0.1086111
0.0,0.15415020287036896,0.037438206
0.0,0.05138339847326279,0.07429616
0.5,0.1304347813129425,0.23578803
0.2,-0.011857707053422928,0.34975645
0.0,-0.2806324064731598,0.10503004
0.0,-0.18577075004577637,0.08477247
0.0,-0.011857707053422928,0.115214765
0.0,-0.05138339847326279,0.09121227
0.0,-0.15415020287036896,0.102395
0.0,0.1304347813129425,0.046286333
0.5,0.10671936720609665,0.81921655
0.0,0.10671936720609665,0.047418486
0.0,-0.2806324064731598,0.09190205
0.0,0.07509881258010864,0.13030194
0.5,0.15415020287036896,0.24853827
0.0,0.011857707053422928,0.043705296
0.2,0.1146245077252388,0.48113102
0.2,0.22529643774032593,0.12788992
0.0,-0.09090909361839294,0.16695158
0.0,0.1304347813129425,0.3305686
0.2,0.21739129722118378,0.2228091
0.0,-0.06719367951154709,0.0844168
0.5,0.4940711557865143,0.80974823
0.2,0.1146245077252388,0.12666549
0.2,0.01976284570991993,0.1265892
0.5,0.5098814368247986,0.80333287
0.5,0.12252964079380035,0.28725588
0.0,0.05928853899240494,0.12883306
0.2,0.27272728085517883,0.10839842
0.2,-0.1146245077252388,0.3791032
0.0,0.003952569328248501,0.27583706
0.0,0.13833992183208466,0.07801083
0.0,0.003952569328248501,0.14003521
0.5,0.5177865624427795,0.55010235
0.5,0.20158103108406067,0.76376694
0.0,-0.0988142266869545,0.13043123
0.0,0.02766798436641693,0.03636983
0.5,0.10671936720609665,0.18201457
0.0,-0.20158103108406067,0.10306905
0.0,0.035573121160268784,0.20014587
0.2,0.20948617160320282,0.58501023
0.2,0.16996046900749207,0.21938184
0.0,-0.043478261679410934,0.10857988
0.2,-0.003952569328248501,0.06597374
0.0,0.20158103108406067,0.15132535
0.5,0.24901185929775238,0.38904712
0.2,-0.003952569328248501,0.1687347
0.2,0.15415020287036896,0.22508518
0.0,-0.035573121160268784,0.060004335
0.0,0.07509881258010864,0.027359504
0.0,0.0830039530992508,0.103877105
0.0,0.23320157825946808,0.066182755
0.0,-0.011857707053422928,0.32959002
0.2,0.16996046900749207,0.12410567
0.0,-0.035573121160268784,0.055558257
0.0,-0.003952569328248501,0.16374567
0.2,0.0830039530992508,0.1668542
0.0,0.16996046900749207,0.3056539
0.2,0.21739129722118378,0.058396854
0.2,-0.0830039530992508,0.33351836
0.2,0.21739129722118378,0.2988701
0.2,0.20158103108406067,0.083905175
0.2,0.1462450623512268,0.06506872
0.0,0.0830039530992508,0.10259552
0.2,0.30434781312942505,0.41239247
0.2,0.05138339847326279,0.22478811
0.0,0.1146245077252388,0.06748837
0.0,0.011857707053422928,0.33379275
0.2,0.011857707053422928,0.1340248
0.0,-0.16996046900749207,0.20373517
0.2,-0.05138339847326279,0.3535754
0.2,0.035573121160268784,0.22710884
0.2,0.20158103108406067,0.035266012
0.5,0.1462450623512268,0.50589234
0.0,-0.011857707053422928,0.4568975
0.0,-0.011857707053422928,0.04727167
0.0,0.1620553433895111,0.04784268
0.0,-0.05928853899240494,0.028698077
0.0,-0.1304347813129425,0.01456604
0.2,0.1620553433895111,0.20309007
1.0,0.4387351870536804,0.81477684
0.2,0.19367589056491852,0.2890882
0.0,-0.15415020287036896,0.04281942
0.2,0.20948617160320282,0.2763195
0.0,-0.19367589056491852,0.32646748
0.0,-0.24110671877861023,0.087854095
0.0,-0.06719367951154709,0.4693109
0.0,0.18577075004577637,0.15654635
0.2,0.011857707053422928,0.0446825
0.0,0.035573121160268784,0.030401561
0.0,-0.3280632495880127,0.12634581
0.0,0.1146245077252388,0.071777284
0.0,-0.011857707053422928,0.17673874
0.0,-0.2648221254348755,0.09886563
0.2,0.09090909361839294,0.45255145
0.0,-0.02766798436641693,0.12971663
0.5,0.30434781312942505,0.848314
0.2,0.09090909361839294,0.18704826
0.2,0.06719367951154709,0.33994725
0.2,0.0988142266869545,0.25987247
0.5,0.0830039530992508,0.3587781
0.0,-0.21739129722118378,0.10984991
0.0,0.13833992183208466,0.2764273
0.5,0.23320157825946808,0.6989039
0.2,-0.035573121160268784,0.021826128
0.2,0.07509881258010864,0.2505335
0.2,0.043478261679410934,0.5132953
0.0,0.035573121160268784,0.18172707
0.2,0.28853756189346313,0.40612257
0.0,0.1146245077252388,0.08927325
0.0,-0.01976284570991993,0.10563764
0.0,-0.21739129722118378,0.08338988
0.0,-0.12252964079380035,0.17273724
0.0,-0.05138339847326279,0.0708224
0.5,0.4071146249771118,0.09560363
0.2,-0.1304347813129425,0.13741477
0.5,0.19367589056491852,0.21895863
1.0,0.22529643774032593,0.74605733
0.2,-0.003952569328248501,0.36198628
0.2,-0.043478261679410934,0.68266433
0.0,-0.1304347813129425,0.067296736
0.0,0.15415020287036896,0.40145665
0.2,-0.02766798436641693,0.097223446
0.5,0.24901185929775238,0.31973025
0.2,0.15415020287036896,0.57965386
0.0,0.16996046900749207,0.21102262
0.0,0.02766798436641693,0.18756814
0.2,0.1304347813129425,0.07739952
0.5,0.27272728085517883,0.06127722
0.0,0.02766798436641693,0.10817764
0.0,0.0830039530992508,0.17047377
0.2,0.02766798436641693,0.25940815
0.2,0.20158103108406067,0.17911051
0.2,0.1146245077252388,0.37887186
0.0,0.035573121160268784,0.09889775
0.0,0.043478261679410934,0.16516235
0.0,0.22529643774032593,0.061997242
0.0,0.003952569328248501,0.2345635
0.0,-0.24110671877861023,0.12703982
0.5,0.05928853899240494,0.30442566
0.2,0.10671936720609665,0.07829986
0.2,0.011857707053422928,0.6584504
0.0,0.20948617160320282,0.12604003
0.0,0.05138339847326279,0.017082468
0.2,0.1462450623512268,0.27884537
0.5,0.10671936720609665,0.33197683
0.0,-0.17786560952663422,0.11199816
0.0,-0.2648221254348755,0.056610737
0.5,0.343873530626297,0.5632677
0.0,-0.1146245077252388,0.086980276
0.2,0.19367589056491852,0.18841514
0.2,-0.035573121160268784,0.064772435
0.5,0.1620553433895111,0.15864228
0.0,-0.09090909361839294,0.082687736
0.0,-0.17786560952663422,0.06537182
0.0,-0.0830039530992508,0.101755135
0.2,0.32015809416770935,0.6328058
0.2,0.035573121160268784,0.6740304
0.2,-0.05138339847326279,0.19459122
0.2,0.05928853899240494,0.08990251
0.0,0.05928853899240494,0.060511585
0.0,-0.15415020287036896,0.114245795
0.5,0.12252964079380035,0.27860776
0.0,0.0988142266869545,0.17261308
0.5,0.38339921832084656,0.79136026
0.0,-0.05928853899240494,0.27770418
0.0,0.0830039530992508,0.13764796
0.2,0.19367589056491852,0.14250155
0.5,0.2806324064731598,0.44256523
0.0,0.1304347813129425,0.10294983
0.2,0.32015809416770935,0.06084129
0.2,0.20948617160320282,0.19855648
0.0,0.06719367951154709,0.047327094
0.0,0.05928853899240494,0.37544215
0.5,0.39920949935913086,0.5006648
0.0,0.09090909361839294,0.09470936
0.2,0.18577075004577637,0.08651849
0.5,0.33596837520599365,0.6650867
0.0,-0.05928853899240494,0.08446382
0.0,0.043478261679410934,0.16723904
0.2,0.4545454680919647,0.048149664
0.2,0.05928853899240494,0.2792112
0.0,0.25691699981689453,0.19724306
0.0,0.13833992183208466,0.088461496
1.0,0.343873530626297,0.8229757
0.0,-0.035573121160268784,0.080708414
0.5,0.2964426875114441,0.08634001
0.0,0.01976284570991993,0.11174241
0.5,0.24901185929775238,0.23399954
0.0,-0.05138339847326279,0.2595597
0.0,-0.24110671877861023,0.15302469
0.2,-0.09090909361839294,0.14518008
0.5,0.4229249060153961,0.47828457
0.0,-0.09090909361839294,0.09760283
0.2,0.23320157825946808,0.115509264
0.2,0.10671936720609665,0.024059376
0.0,-0.13833992183208466,0.058750644
0.0,0.07509881258010864,0.10007903
0.0,0.16996046900749207,0.17284447
0.0,-0.24901185929775238,0.13911745
0.0,-0.05928853899240494,0.15932372
0.0,0.06719367951154709,0.07651257
0.2,0.35177865624427795,0.10413141
0.2,0.09090909361839294,0.18776955
0.5,0.10671936720609665,0.67163426
0.5,0.2648221254348755,0.1767228
0.2,0.28853756189346313,0.32341114
0.5,0.21739129722118378,0.4268849
0.0,-0.24901185929775238,0.15969317
0.5,0.15415020287036896,0.048551127
0.0,0.043478261679410934,0.08837254
0.0,0.17786560952663422,0.15903348
0.0,-0.10671936720609665,0.38521406
0.0,-0.02766798436641693,0.18357411
0.2,0.035573121160268784,0.16649279
0.5,0.5335968136787415,0.70114404
0.0,-0.02766798436641693,0.02563787
0.0,-0.06719367951154709,0.10796513
0.0,-0.10671936720609665,0.15563942
0.0,0.011857707053422928,0.054199167
0.2,0.20948617160320282,0.14485905
0.0,0.043478261679410934,0.17298144
0.0,0.0830039530992508,0.09481659
0.0,-0.17786560952663422,0.08783311
0.2,0.15415020287036896,0.18857762
0.0,-0.011857707053422928,0.18917102
0.2,0.23320157825946808,0.0752773
0.0,-0.01976284570991993,0.31910938
0.0,-0.043478261679410934,0.13948026
0.0,-0.09090909361839294,0.31839666
0.2,0.22529643774032593,0.21050484
0.0,0.003952569328248501,0.1225956
0.0,0.1146245077252388,0.31015378
0.0,-0.10671936720609665,0.10653609
0.0,-0.07509881258010864,0.14716414
0.2,0.12252964079380035,0.38075534
0.5,0.20948617160320282,0.7605322
0.2,0.12252964079380035,0.15107359
0.2,0.12252964079380035,0.25395572
0.2,0.4387351870536804,0.76071113
0.0,0.20158103108406067,0.119195126
0.0,0.20948617160320282,0.054394767
0.0,-0.035573121160268784,0.12683474
0.0,-0.20158103108406067,0.14162219
0.2,0.32015809416770935,0.512289
0.2,-0.0830039530992508,0.72566116
0.0,-0.05928853899240494,0.055584297
0.5,0.1462450623512268,0.68990666
0.0,-0.0988142266869545,0.16338168
0.2,0.01976284570991993,0.26582524
0.0,0.05928853899240494,0.18772207
0.2,0.06719367951154709,0.114855066
0.0,-0.043478261679410934,0.13727258
0.0,-0.1304347813129425,0.1544333
0.2,0.30434781312942505,0.4296902
0.0,0.05138339847326279,0.1627974
0.2,0.2964426875114441,0.6752691
0.2,0.20948617160320282,0.13658369
0.2,-0.05138339847326279,0.093125515
0.0,0.011857707053422928,0.1716259
0.2,0.19367589056491852,0.0832119
0.0,0.1620553433895111,0.13385174
0.5,0.4150197505950928,0.43693498
0.5,0.01976284570991993,0.56297463
0.2,-0.043478261679410934,0.23019946
0.0,0.035573121160268784,0.02791941
0.2,0.39920949935913086,0.06819817
0.2,0.343873530626297,0.36768913
0.0,-0.18577075004577637,0.10515626
0.0,0.17786560952663422,0.08972874
0.2,0.1462450623512268,0.06861742
0.0,0.05928853899240494,0.083240926
0.2,0.05928853899240494,0.14531675
0.2,0.12252964079380035,0.15419576
0.2,0.4940711557865143,0.678508
0.0,-0.28853756189346313,0.09012394
0.0,-0.1462450623512268,0.15188564
1.0,0.4071146249771118,0.7910656
0.5,0.16996046900749207,0.17006452
0.5,0.5810276865959167,0.88406724
0.2,0.0988142266869545,0.13216816
0.0,-0.043478261679410934,0.113192804
0.2,0.05138339847326279,0.25049573
0.0,0.1304347813129425,0.1780311
0.0,0.035573121160268784,0.20272732
0.5,0.07509881258010864,0.34306794
0.0,0.0830039530992508,0.17346752
0.0,-0.25691699981689453,0.0665323
0.0,-0.23320157825946808,0.10653951
0.2,0.02766798436641693,0.08521197
0.0,0.043478261679410934,0.24388596
0.2,-0.003952569328248501,0.27937907
0.0,-0.09090909361839294,0.1393729
0.2,-0.12252964079380035,0.16570286
0.0,-0.12252964079380035,0.19632387
0.0,-0.18577075004577637,0.069668904
0.0,0.15415020287036896,0.16551226
0.0,-0.02766798436641693,0.07401434
1.0,0.5256916880607605,0.7967688
0.5,0.15415020287036896,0.20387377
0.2,0.10671936720609665,0.14042096
0.2,-0.05928853899240494,0.1286696
0.0,0.05138339847326279,0.26101884
0.0,0.10671936720609665,0.12249624
0.0,-0.011857707053422928,0.23661672
0.0,0.05928853899240494,0.09331119
0.5,0.3280632495880127,0.5431529
0.2,0.035573121160268784,0.6506265
0.0,-0.07509881258010864,0.030123139
0.0,0.02766798436641693,0.25502333
0.2,0.13833992183208466,0.07084231
0.2,0.05928853899240494,0.27874187
0.2,0.003952569328248501,0.067553945
0.5,0.16996046900749207,0.31333563
0.2,0.10671936720609665,0.21658519
0.5,0.2806324064731598,0.6910367
0.2,0.011857707053422928,0.14391321
0.2,0.10671936720609665,0.22766489
0.2,0.12252964079380035,0.36705253
0.2,0.1462450623512268,0.19227855
1.0,0.39920949935913086,0.5099411
0.2,0.05138339847326279,0.10255012
0.5,0.23320157825946808,0.33703443
0.2,0.22529643774032593,0.22037935
0.0,-0.05138339847326279,0.1764779
0.0,0.01976284570991993,0.05221547
0.2,0.27272728085517883,0.48212242
0.2,0.02766798436641693,0.06603919
0.0,-0.05138339847326279,0.16547026
0.0,0.035573121160268784,0.1898074
0.2,-0.0830039530992508,0.20984899
0.5,0.28853756189346313,0.79719615
0.2,0.15415020287036896,0.04501263
0.0,0.01976284570991993,0.011248219
0.0,-0.35177865624427795,0.035766657
0.0,-0.0988142266869545,0.11848098
0.2,0.011857707053422928,0.21032937
0.0,0.02766798436641693,0.040575523
1.0,0.16996046900749207,0.5049249
0.0,-0.1620553433895111,0.20060594
0.5,0.22529643774032593,0.15953699
0.0,-0.13833992183208466,0.053161606
1.0,0.48616600036621094,0.563092
0.0,-0.1146245077252388,0.1584847
0.0,0.10671936720609665,0.068643995
0.2,0.5019763112068176,0.095591895
0.5,0.1146245077252388,0.039594643
0.0,-0.035573121160268784,0.32395753
0.5,0.32015809416770935,0.64414877
0.0,-0.06719367951154709,0.108351186
0.0,-0.02766798436641693,0.15755334
0.2,0.10671936720609665,0.12538682
0.2,0.38339921832084656,0.06274011
0.0,0.0988142266869545,0.032532007
0.5,0.25691699981689453,0.6701623
0.0,-0.07509881258010864,0.040486235
0.0,-0.28853756189346313,0.15480669
0.0,0.18577075004577637,0.11726897
0.2,0.1620553433895111,0.12428982
0.2,0.003952569328248501,0.116487876
0.2,0.15415020287036896,0.45256934
0.0,0.011857707053422928,0.11215238
0.5,0.3596837818622589,0.013275574
0.2,0.20158103108406067,0.23575377
0.2,0.28853756189346313,0.6823741
0.0,0.05928853899240494,0.27468586
0.2,-0.003952569328248501,0.056315966
0.0,-0.011857707053422928,0.07009816
0.0,0.02766798436641693,0.16699664
0.2,0.13833992183208466,0.17624071
0.2,0.07509881258010864,0.12008344
0.0,0.06719367951154709,0.21372241
0.2,0.18577075004577637,0.1497038
0.2,0.1462450623512268,0.26201367
0.0,-0.02766798436641693,0.14586873
0.2,-0.043478261679410934,0.18774036
0.5,0.15415020287036896,0.3503886
0.0,-0.05138339847326279,0.055993102
0.0,0.1146245077252388,0.2372784
0.0,-0.02766798436641693,0.089832336
0.0,0.17786560952663422,0.38688365
0.0,-0.043478261679410934,0.21037409
0.0,-0.30434781312942505,0.11887668
0.2,0.035573121160268784,0.18031453
0.0,0.07509881258010864,0.05984291
0.0,0.003952569328248501,0.16277154
0.0,0.12252964079380035,0.26070088
0.2,0.15415020287036896,0.05084603
0.2,-0.01976284570991993,0.16930023
0.5,0.27272728085517883,0.66463023
0.0,0.22529643774032593,0.077373594
0.0,0.01976284570991993,0.15492803
0.0,-0.09090909361839294,0.09974644
0.2,-0.20948617160320282,0.093336605
0.5,0.21739129722118378,0.31822526
0.5,0.20948617160320282,0.6031319
0.2,0.1462450623512268,0.12194237
0.0,-0.1146245077252388,0.10018765
0.0,-0.05928853899240494,0.23837855
0.0,0.16996046900749207,0.06828716
0.0,0.0830039530992508,0.23496333
0.2,0.17786560952663422,0.14326763
0.2,0.02766798436641693,0.0776124
0.0,0.0988142266869545,0.18926795
0.2,0.16996046900749207,0.14944097
0.0,-0.1304347813129425,0.07861269
0.2,0.19367589056491852,0.17234448
0.5,0.19367589056491852,0.6160557
0.0,-0.011857707053422928,0.44476417
1.0,0.47035571932792664,0.7499377
0.2,0.035573121160268784,0.330019
0.2,0.02766798436641693,0.11037506
0.0,-0.22529643774032593,0.11496651
0.2,0.2964426875114441,0.43176726
0.2,0.1462450623512268,0.04552486
0.0,0.09090909361839294,0.04768382
0.0,-0.01976284570991993,0.09819006
0.0,-0.011857707053422928,0.087607585
0.0,-0.1146245077252388,0.09321236
0.0,0.07509881258010864,0.1652645
0.5,0.2964426875114441,0.881674
0.0,0.003952569328248501,0.14771278
0.2,-0.01976284570991993,0.11797944
0.0,0.21739129722118378,0.21379802
0.0,-0.16996046900749207,0.08049447
0.2,0.22529643774032593,0.58694226
0.0,-0.06719367951154709,0.08598693
0.0,-0.10671936720609665,0.1416181
0.0,0.20948617160320282,0.14364293
0.2,0.28853756189346313,0.104315795
0.5,0.6758893132209778,0.8068471
0.2,0.02766798436641693,0.28292117
0.0,-0.0830039530992508,0.08215618
1.0,0.5177865624427795,0.7015544
0.0,-0.01976284570991993,0.11107002
0.5,0.15415020287036896,0.6424319
0.2,0.22529643774032593,0.08857489
0.0,0.035573121160268784,0.10801212
0.0,0.05928853899240494,0.23499714
0.0,-0.1620553433895111,0.07990825
0.2,-0.05928853899240494,0.14152902
0.2,-0.1462450623512268,0.1340131
0.0,0.19367589056491852,0.15474668
0.0,-0.15415020287036896,0.18631801
0.2,0.06719367951154709,0.12474203
0.2,0.27272728085517883,0.3514546
0.0,-0.05138339847326279,0.06017124
0.2,0.07509881258010864,0.122677915
0.2,0.24901185929775238,0.10405554
0.2,0.12252964079380035,0.32520518
0.0,-0.05138339847326279,0.055803902
0.0,-0.2964426875114441,0.10677147
0.2,0.15415020287036896,0.0651966
0.2,-0.043478261679410934,0.13899262
0.5,0.39920949935913086,0.059812054
0.2,0.24110671877861023,0.66881496
0.0,0.07509881258010864,0.070737235
0.0,0.23320157825946808,0.09868478
0.0,-0.16996046900749207,0.06509311
0.2,0.12252964079380035,0.24928685
0.0,0.1146245077252388,0.033093184
0.2,0.1304347813129425,0.17449464
0.2,0.05928853899240494,0.37384328
0.5,0.5019763112068176,0.9131509
0.2,-0.01976284570991993,0.04302495
0.2,0.12252964079380035,0.0738414
0.2,-0.035573121160268784,0.3322297
0.0,-0.0830039530992508,0.09926485
0.2,0.05138339847326279,0.2543707
0.2,0.18577075004577637,0.13344905
0.2,0.05928853899240494,0.17090625
0.0,0.02766798436641693,0.043073952
0.0,-0.18577075004577637,0.04922607
0.0,-0.02766798436641693,0.14045753
0.5,0.0988142266869545,0.15721124
0.2,0.1620553433895111,0.19796814
0.0,0.24901185929775238,0.13987307
0.5,0.10671936720609665,0.13012226
0.0,0.0988142266869545,0.13991924
0.2,0.003952569328248501,0.14832012
0.5,0.3754940629005432,0.7607681
0.5,0.4624505937099457,0.7655826
0.0,0.05928853899240494,0.039510194
0.2,-0.01976284570991993,0.39364555
0.2,0.0830039530992508,0.36471352
0.2,0.0988142266869545,0.12252953
0.0,0.043478261679410934,0.101975776
0.0,-0.25691699981689453,0.03402801
0.2,0.28853756189346313,0.13880341
0.2,0.02766798436641693,0.59418976
0.0,0.02766798436641693,0.032854147
0.2,-0.05928853899240494,0.15963572
0.0,0.19367589056491852,0.1804312
0.0,0.20948617160320282,0.18939444
0.0,0.011857707053422928,0.023859566
0.0,0.05928853899240494,0.08632071
0.0,-0.05928853899240494,0.06602901
1.0,0.3280632495880127,0.10649236
0.0,0.06719367951154709,0.068481244
0.0,-0.32015809416770935,0.07536198
0.0,-0.09090909361839294,0.05205866
0.0,0.13833992183208466,0.12589069
0.2,0.19367589056491852,0.09251395
0.5,0.5019763112068176,0.7761476
0.2,0.003952569328248501,0.12994805
0.0,-0.1146245077252388,0.053626712
0.0,0.05928853899240494,0.14637132
0.0,0.17786560952663422,0.48352692
0.0,-0.02766798436641693,0.09489106
0.0,0.035573121160268784,0.07545852
1.0,0.30434781312942505,0.78549093
0.0,-0.01976284570991993,0.1328319
0.5,-0.05138339847326279,0.25127587
0.0,-0.035573121160268784,0.21321288
0.2,0.09090909361839294,0.21180837
0.2,0.011857707053422928,0.43999588
0.0,0.043478261679410934,0.037186235
0.0,-0.2806324064731598,0.06419764
0.0,0.0988142266869545,0.15982449
0.0,-0.035573121160268784,0.13958296
0.5,0.18577075004577637,0.78900975
0.0,-0.12252964079380035,0.07313133
0.0,-0.23320157825946808,0.17207289
0.2,0.24110671877861023,0.20143835
0.0,-0.06719367951154709,0.06822814
1.0,0.25691699981689453,0.8041654
0.5,0.25691699981689453,0.48232478
0.0,0.22529643774032593,0.054439303
0.0,-0.1304347813129425,0.14674433
0.0,0.02766798436641693,0.14618176
0.0,-0.1304347813129425,0.12565944
0.2,0.1304347813129425,0.17750552
1.0,0.30434781312942505,0.77596694
0.0,-0.003952569328248501,0.046100248
0.2,0.3280632495880127,0.053419605
0.5,0.20158103108406067,0.6090817
0.2,0.24901185929775238,0.0976874
0.0,0.05928853899240494,0.14905238
0.0,-0.10671936720609665,0.13567683
0.2,0.05928853899240494,0.21705006
0.5,0.16996046900749207,0.18248144
0.0,0.1462450623512268,0.16266352
0.0,0.09090909361839294,0.199083
0.0,-0.02766798436641693,0.047747556
0.2,-0.003952569328248501,0.43499067
0.2,0.011857707053422928,0.15468805
0.0,0.05138339847326279,0.10701153
0.0,0.02766798436641693,0.15658574
0.0,-0.17786560952663422,0.12708685
1.0,0.4308300316333771,0.45862764
0.0,0.0830039530992508,0.016333293
0.0,-0.1462450623512268,0.09839846
0.2,0.1462450623512268,0.04971489
0.0,0.21739129722118378,0.22026663
0.5,0.05138339847326279,0.6836439
0.2,0.36758893728256226,0.5646757
0.2,-0.0830039530992508,0.15050136
0.0,-0.09090909361839294,0.15071714
0.0,-0.01976284570991993,0.10561606
0.0,0.1462450623512268,0.24375667
0.0,-0.02766798436641693,0.48704523
0.0,-0.05928853899240494,0.035693835
0.5,0.21739129722118378,0.110322304
0.0,0.02766798436641693,0.053613815
0.0,0.011857707053422928,0.10321975
0.0,-0.15415020287036896,0.124909066
0.0,-0.0988142266869545,0.17637622
0.0,0.05138339847326279,0.23352566
0.0,0.035573121160268784,0.15869384
0.2,0.09090909361839294,0.63105756
0.0,0.05928853899240494,0.17910482
0.0,0.02766798436641693,0.10145887
0.0,0.10671936720609665,0.31869626
0.2,0.011857707053422928,0.0866925
0.0,-0.011857707053422928,0.16837879
0.0,0.043478261679410934,0.06229791
0.0,-0.0830039530992508,0.04739606
0.2,-0.003952569328248501,0.24804421
0.2,0.17786560952663422,0.14533147
0.0,0.01976284570991993,0.124973364
0.0,-0.05138339847326279,0.0568053
0.2,0.0988142266869545,0.32294917
0.0,0.035573121160268784,0.14892
0.5,0.18577075004577637,0.6191503
0.2,0.22529643774032593,0.029712738
0.5,0.1146245077252388,0.48130655
0.0,0.02766798436641693,0.16061203
0.0,-0.09090909361839294,0.14307223
0.2,-0.011857707053422928,0.124509215
0.2,0.003952569328248501,0.19959019
0.0,-0.18577075004577637,0.09802412
0.2,-0.01976284570991993,0.2523084
0.2,0.20158103108406067,0.17976862
0.0,-0.21739129722118378,0.03116662
0.2,0.1620553433895111,0.10998048
0.0,0.043478261679410934,0.027041513
0.0,-0.21739129722118378,0.19250815
0.0,0.1146245077252388,0.16707474
0.2,0.035573121160268784,0.1967012
0.0,-0.07509881258010864,0.110294364
0.0,0.011857707053422928,0.057541292
0.2,0.1462450623512268,0.110956036
0.0,-0.0830039530992508,0.2226797
0.2,0.15415020287036896,0.2065834
0.2,0.23320157825946808,0.36114305
0.0,-0.035573121160268784,0.07981731
0.2,-0.10671936720609665,0.2959636
0.2,0.4308300316333771,0.026472237
0.0,-0.21739129722118378,0.049190767
0.5,0.3913043439388275,0.080733895
0.0,0.22529643774032593,0.14001742
0.0,-0.2648221254348755,0.11648525
0.0,0.05928853899240494,0.08453363
0.0,-0.13833992183208466,0.14940646
0.2,-0.07509881258010864,0.058220595
0.5,0.18577075004577637,0.098556474
0.0,-0.09090909361839294,0.049471777
0.5,0.21739129722118378,0.13398615
0.2,0.043478261679410934,0.2808324
0.2,-0.043478261679410934,0.1985309
0.0,-0.07509881258010864,0.073440805
0.2,-0.011857707053422928,0.1642018
0.2,0.12252964079380035,0.055317555
0.2,0.2806324064731598,0.10224416
0.0,-0.003952569328248501,0.12242974
0.2,-0.043478261679410934,0.19942106
0.0,0.2648221254348755,0.20679466
0.5,0.4940711557865143,0.74306047
0.2,0.1304347813129425,0.07251126
0.0,-0.1462450623512268,0.162849
0.2,0.05138339847326279,0.07103285
0.2,0.3122529685497284,0.44849378
0.5,0.2964426875114441,0.7548709
0.0,-0.16996046900749207,0.061640505
0.0,0.1620553433895111,0.20410913
0.2,0.24901185929775238,0.5779153
0.0,0.1462450623512268,0.07703251
0.0,0.003952569328248501,0.08551575
0.0,-0.1620553433895111,0.042277407
0.2,0.06719367951154709,0.16178751
0.5,0.17786560952663422,0.0741502
0.2,0.01976284570991993,0.43031302
0.0,0.12252964079380035,0.1580114
0.0,0.06719367951154709,0.23841739
0.0,-0.043478261679410934,0.16863433
0.0,0.1462450623512268,0.1720482
0.5,0.3122529685497284,0.14655654
0.5,0.21739129722118378,0.23189129
0.2,0.1146245077252388,0.12286214
0.2,0.3754940629005432,0.4443367
0.5,0.17786560952663422,0.3190762
0.0,0.27272728085517883,0.14933626
0.0,0.0830039530992508,0.06345741
0.2,0.20948617160320282,0.03067802
0.2,0.06719367951154709,0.17996806
0.0,-0.10671936720609665,0.17763342
0.2,0.003952569328248501,0.20071794
0.0,0.02766798436641693,0.16661364
0.0,-0.20948617160320282,0.16808954
0.2,-0.043478261679410934,0.0837005
0.5,0.36758893728256226,0.7512798
0.2,-0.05138339847326279,0.13727577
0.0,-0.24901185929775238,0.108732805
0.5,0.3280632495880127,0.6986953
0.2,0.18577075004577637,0.4772822
0.5,0.17786560952663422,0.44898185
0.5,0.4150197505950928,0.59214586
0.0,-0.01976284570991993,0.022279719
0.2,0.1462450623512268,0.15105833
0.0,-0.011857707053422928,0.19469409
0.2,0.10671936720609665,0.31677252
0.2,0.2964426875114441,0.079829134
0.5,0.2964426875114441,0.73833734
0.0,-0.011857707053422928,0.3027291
0.0,-0.17786560952663422,0.044097695
0.5,0.20158103108406067,0.026328709
0.0,-0.0830039530992508,0.04891946
0.2,-0.043478261679410934,0.03917486
0.2,0.12252964079380035,0.32402238
0.0,-0.25691699981689453,0.15943624
0.0,0.01976284570991993,0.19897056
0.2,-0.05138339847326279,0.057554986
0.0,0.07509881258010864,0.15816751
0.0,-0.035573121160268784,0.073133655
0.0,0.18577075004577637,0.023225605
0.2,0.20158103108406067,0.24239936
0.0,-0.05138339847326279,0.09763265
0.2,0.18577075004577637,0.15900259
0.2,0.10671936720609665,0.07840626
0.5,0.4387351870536804,0.7569593
0.5,0.20948617160320282,0.6811807
0.2,-0.0830039530992508,0.0820457
0.2,-0.043478261679410934,0.11568497
0.0,-0.09090909361839294,0.09054726
0.0,0.22529643774032593,0.37852028
0.0,-0.011857707053422928,0.10222062
0.5,-0.011857707053422928,0.13801853
0.5,0.003952569328248501,0.4448757
0.0,-0.12252964079380035,0.01914945
0.2,0.10671936720609665,0.49445623
0.2,0.28853756189346313,0.70199776
0.0,0.20948617160320282,0.42968914
0.0,-0.05928853899240494,0.35921144
0.0,0.0830039530992508,0.19312078
1.0,0.47826087474823,0.7772738
0.5,-0.011857707053422928,0.18188787
0.2,-0.011857707053422928,0.17148365
0.0,-0.003952569328248501,0.16755661
0.0,0.10671936720609665,0.087637894
0.2,0.1620553433895111,0.22006021
0.2,0.19367589056491852,0.09843348
0.2,0.05928853899240494,0.24206904
0.2,-0.15415020287036896,0.13801305
0.0,0.01976284570991993,0.075857945
0.2,0.24901185929775238,0.71034306
0.0,-0.043478261679410934,0.21281226
0.2,0.3596837818622589,0.77770793
0.2,0.06719367951154709,0.14228348
0.5,0.573122501373291,0.73418576
0.0,-0.0988142266869545,0.1413851
0.5,0.1304347813129425,0.7447156
0.0,0.1146245077252388,0.15608905
0.5,0.23320157825946808,0.24555026
0.2,0.0830039530992508,0.23416272
0.0,-0.09090909361839294,0.084006116
0.0,-0.2648221254348755,0.111461066
0.0,-0.1304347813129425,0.050885934
0.0,0.16996046900749207,0.15858324
0.2,0.1462450623512268,0.101838805
0.0,0.1146245077252388,0.22298296
0.5,0.3596837818622589,0.7276938
0.0,-0.16996046900749207,0.08149993
0.5,0.25691699981689453,0.38505706
0.0,0.043478261679410934,0.3294079
0.5,0.1462450623512268,0.26810026
0.5,0.1620553433895111,0.3495752
0.2,0.22529643774032593,0.08769651
0.2,0.07509881258010864,0.31524536
0.5,0.0830039530992508,0.3794638
0.0,0.20158103108406067,0.108227335
0.0,0.035573121160268784,0.1567931
0.0,0.23320157825946808,0.11211498
0.2,-0.0830039530992508,0.1360479
0.0,-0.043478261679410934,0.3433563
0.2,-0.01976284570991993,0.08418605
1.0,0.4387351870536804,0.8467964
0.0,0.035573121160268784,0.16010365
0.0,0.09090909361839294,0.09487864
0.0,-0.035573121160268784,0.16908544
0.0,0.01976284570991993,0.057575773
0.0,-0.0988142266869545,0.086940765
0.0,-0.02766798436641693,0.061094016
0.5,0.15415020287036896,0.4547881
0.2,0.36758893728256226,0.605252
0.2,0.28853756189346313,0.2467426
0.0,-0.043478261679410934,0.060236353
0.5,0.4940711557865143,0.676449
0.2,0.043478261679410934,0.13297227
0.0,0.07509881258010864,0.07541727
0.2,0.10671936720609665,0.099270985
0.2,0.035573121160268784,0.364439
0.0,-0.24901185929775238,0.1281508
0.0,0.07509881258010864,0.16684715
0.0,0.12252964079380035,0.17768289
1.0,0.343873530626297,0.84106886
0.0,0.011857707053422928,0.11681278
0.2,0.12252964079380035,0.26360777
0.2,-0.06719367951154709,0.13593031
0.0,0.1304347813129425,0.061819416
0.5,0.15415020287036896,0.79806197
0.2,0.043478261679410934,0.09874322
0.0,-0.02766798436641693,0.118750334
0.0,0.043478261679410934,0.15950902
0.0,0.035573121160268784,0.2110945
0.0,0.043478261679410934,0.053969737
0.0,0.10671936720609665,0.16249412
0.0,0.05138339847326279,0.06297704
0.0,-0.06719367951154709,0.058872394
0.5,0.27272728085517883,0.46416438
0.2,-0.0988142266869545,0.12702891
0.0,-0.20158103108406067,0.011055491
0.5,0.043478261679410934,0.06367808
0.0,0.3596837818622589,0.54582965
0.5,0.39920949935913086,0.50050133
0.5,-0.043478261679410934,0.06276237
0.2,-0.043478261679410934,0.26298803
0.0,0.02766798436641693,0.31724298
0.0,0.02766798436641693,0.018752031
0.0,-0.07509881258010864,0.27197593
0.0,0.10671936720609665,0.123209536
0.5,0.043478261679410934,0.6999418
0.0,-0.21739129722118378,0.12147195
0.2,0.24901185929775238,0.12412765
0.2,0.1146245077252388,0.12732373
0.5,0.23320157825946808,0.61585635
0.0,-0.0988142266869545,0.11658269
0.2,0.5098814368247986,0.58652914
0.0,-0.02766798436641693,0.1386581
0.5,0.27272728085517883,0.6636476
0.0,-0.02766798436641693,0.3790837
0.5,0.3596837818622589,0.8978366
0.2,-0.09090909361839294,0.24915443
0.0,-0.2648221254348755,0.13429001
0.0,0.0830039530992508,0.22760148
0.2,0.23320157825946808,0.14225735
0.5,0.4387351870536804,0.08195281
0.2,0.035573121160268784,0.29748765
0.2,0.19367589056491852,0.70236206
0.0,-0.15415020287036896,0.05089055
0.0,0.02766798436641693,0.073200084
0.2,0.003952569328248501,0.14576799
0.0,-0.1146245077252388,0.03207437
0.0,-0.18577075004577637,0.09833932
0.5,0.18577075004577637,0.4312127
0.0,0.043478261679410934,0.042673346
0.0,0.05928853899240494,0.08138879
0.0,-0.035573121160268784,0.112490386
0.2,0.1462450623512268,0.52096546
0.2,0.0988142266869545,0.07210142
0.5,0.20948617160320282,0.71509963
0.2,0.15415020287036896,0.16511661
0.0,-0.05138339847326279,0.08998276
0.0,0.06719367951154709,0.12556206
0.0,0.011857707053422928,0.123108625
0.0,-0.19367589056491852,0.19918273
0.2,0.003952569328248501,0.08471668
0.5,0.12252964079380035,0.16848646
0.0,0.13833992183208466,0.107457556
0.0,-0.011857707053422928,0.19036193
0.2,-0.23320157825946808,0.41195554
0.2,0.24110671877861023,0.1312644
0.0,0.02766798436641693,0.10260105
0.0,-0.0830039530992508,0.14123541
0.0,-0.10671936720609665,0.06285154
0.0,0.0830039530992508,0.44762605
0.0,-0.06719367951154709,0.013077959
0.5,0.24901185929775238,0.63155085
0.0,0.011857707053422928,0.10554244
0.0,-0.0830039530992508,0.12059165
0.2,0.19367589056491852,0.05024695
0.2,0.17786560952663422,0.25719726
0.2,-0.12252964079380035,0.13961355
0.2,0.12252964079380035,0.21443544
0.0,-0.1462450623512268,0.034122422
0.2,0.01976284570991993,0.17540261
0.2,0.0988142266869545,0.11108138
0.2,-0.05928853899240494,0.13661455
0.2,0.4624505937099457,0.114989355
0.0,0.05928853899240494,0.08711846
0.0,0.043478261679410934,0.076222196
0.2,0.07509881258010864,0.11635413
0.0,0.06719367951154709,0.1416613
1.0,0.25691699981689453,0.76589894
0.2,0.10671936720609665,0.5109554
0.2,0.20158103108406067,0.110604204
0.5,0.2648221254348755,0.075977035
0.0,-0.01976284570991993,0.083780184
0.2,0.07509881258010864,0.10466738
0.0,0.22529643774032593,0.25627068
0.0,-0.003952569328248501,0.098006375
0.2,0.21739129722118378,0.17537661
1.0,0.13833992183208466,0.5870189
0.0,-0.13833992183208466,0.06261234
0.0,-0.02766798436641693,0.05378546
0.2,-0.12252964079380035,0.16048022
0.0,-0.24901185929775238,0.08001222
0.2,0.12252964079380035,0.27100536
0.0,0.05928853899240494,0.19219743
0.0,-0.17786560952663422,0.0979793
0.0,0.0988142266869545,0.072489955
0.2,0.06719367951154709,0.25186163
0.2,0.01976284570991993,0.04914851
0.2,0.24901185929775238,0.07485384
0.0,0.12252964079380035,0.17614836
0.0,-0.1462450623512268,0.032797568
0.2,0.38339921832084656,0.11064934
0.0,-0.02766798436641693,0.09963681
0.5,0.18577075004577637,0.2708173
0.2,0.0830039530992508,0.30605945
0.5,0.24110671877861023,0.61823505
0.0,0.043478261679410934,0.09053611
0.2,0.2648221254348755,0.53779995
0.2,0.035573121160268784,0.23520796
0.0,0.01976284570991993,0.10550864
0.5,0.35177865624427795,0.8515662
0.2,0.043478261679410934,0.12982275
0.0,0.003952569328248501,0.52469265
0.2,0.18577075004577637,0.35875288
0.2,-0.15415020287036896,0.08775795
0.2,-0.07509881258010864,0.4283886
0.0,-0.07509881258010864,0.09070604
0.2,0.3280632495880127,0.41737524
0.0,0.05138339847326279,0.014461147
0.0,0.20948617160320282,0.052832324
0.5,0.32015809416770935,0.20078827
0.2,0.21739129722118378,0.093496285
0.5,0.24901185929775238,0.21187927
0.0,0.02766798436641693,0.030154793
0.0,0.0988142266869545,0.13154206
0.2,0.3596837818622589,0.056792546
0.2,0.003952569328248501,0.13368067
0.0,-0.21739129722118378,0.11009814
0.2,-0.011857707053422928,0.07961418
0.0,0.24110671877861023,0.26034564
0.0,0.06719367951154709,0.13799001
0.2,0.05928853899240494,0.085671134
0.2,-0.1146245077252388,0.09121714
0.2,-0.05928853899240494,0.16924338
0.0,0.09090909361839294,0.3037324
0.2,0.13833992183208466,0.06428433
0.2,0.23320157825946808,0.3233413
0.2,0.2964426875114441,0.07410035
0.5,0.5019763112068176,0.05756623
0.2,0.1304347813129425,0.152611
0.0,0.05928853899240494,0.14331076
0.0,-0.043478261679410934,0.0770866
1.0,0.33596837520599365,0.70464873
0.0,0.06719367951154709,0.1849192
0.2,0.32015809416770935,0.15500087
0.0,-0.1620553433895111,0.06124359
0.2,0.01976284570991993,0.12333423
0.0,-0.1620553433895111,0.12230736
0.5,0.36758893728256226,0.5453396
0.2,0.16996046900749207,0.10208694
0.2,0.035573121160268784,0.35066676
0.2,0.3280632495880127,0.31488702
0.0,-0.003952569328248501,0.16831677
0.0,0.1146245077252388,0.040361375
0.2,0.13833992183208466,0.18341096
0.2,0.12252964079380035,0.32242876
0.5,0.17786560952663422,0.78136814
0.0,-0.09090909361839294,0.07721505
0.2,0.4150197505950928,0.03554891
0.2,0.1462450623512268,0.10374065
0.2,0.0830039530992508,0.68309253
0.5,0.27272728085517883,0.24202378
0.0,-0.011857707053422928,0.06929549
0.0,-0.22529643774032593,0.15801439
0.2,-0.09090909361839294,0.10405787
0.2,0.3596837818622589,0.18215358
0.0,0.20158103108406067,0.030680621
0.0,-0.19367589056491852,0.049830753
0.2,0.07509881258010864,0.27058673
0.2,0.28853756189346313,0.10990736
1.0,0.21739129722118378,0.875076
1.0,0.5098814368247986,0.75324446
0.2,0.20948617160320282,0.101998985
0.2,0.035573121160268784,0.07301857
0.2,0.20158103108406067,0.18004885
0.0,0.13833992183208466,0.022909611
0.2,0.12252964079380035,0.07225191
0.0,0.06719367951154709,0.07556031
0.0,-0.12252964079380035,0.0824591
0.0,0.05928853899240494,0.058555804
0.2,0.22529643774032593,0.05141102
0.0,0.035573121160268784,0.3873702
0.0,-0.16996046900749207,0.13929085
0.2,-0.035573121160268784,0.16350704
0.0,-0.035573121160268784,0.07902517
0.2,0.07509881258010864,0.057982318
0.5,0.4071146249771118,0.8882689
0.0,-0.05138339847326279,0.16947411
0.2,-0.17786560952663422,0.19747475
0.0,-0.05928853899240494,0.13623507
0.0,-0.1620553433895111,0.057027344
0.2,0.20158103108406067,0.03237989
0.2,-0.02766798436641693,0.13568188
0.0,0.01976284570991993,0.36031097
0.2,0.20158103108406067,0.11805871
0.5,0.28853756189346313,0.095352836
0.2,0.2964426875114441,0.06974504
0.2,-0.12252964079380035,0.14913084
0.2,0.06719367951154709,0.17285272
0.5,0.1462450623512268,0.05152214
0.2,0.16996046900749207,0.112809785
0.5,0.1620553433895111,0.64163953
0.0,-0.05138339847326279,0.3402298
0.0,-0.16996046900749207,0.123953916
0.2,0.13833992183208466,0.37883973
0.2,0.043478261679410934,0.059844956
0.0,-0.05138339847326279,0.056617968
0.0,-0.05138339847326279,0.072975606
1.0,0.6126482486724854,0.82442486
0.2,-0.1462450623512268,0.29384536
0.2,0.06719367951154709,0.20336361
0.0,0.05138339847326279,0.050817456
0.2,0.043478261679410934,0.17792045
0.2,0.043478261679410934,0.56110376
0.5,0.1146245077252388,0.7214087
0.0,0.10671936720609665,0.22028771
0.0,0.20158103108406067,0.11868109
0.2,0.0988142266869545,0.22087221
0.2,0.035573121160268784,0.11929705
0.5,0.0988142266869545,0.7357565
0.0,0.3596837818622589,0.3202144
0.0,-0.25691699981689453,0.072690204
0.2,0.16996046900749207,0.09134036
0.0,0.06719367951154709,0.20307769
0.0,0.24901185929775238,0.1932738
0.2,0.33596837520599365,0.115626074
0.0,0.05138339847326279,0.060621105
0.2,0.24110671877861023,0.10207533
0.0,0.02766798436641693,0.3268791
0.0,0.13833992183208466,0.034882996
0.5,0.06719367951154709,0.5903577
0.0,0.05928853899240494,0.10868426
0.2,0.043478261679410934,0.45152828
0.2,0.38339921832084656,0.47541475
0.0,-0.02766798436641693,0.099022456
1.0,0.2964426875114441,0.40157804
0.5,0.4308300316333771,0.24189262
0.0,-0.06719367951154709,0.12534006
0.0,-0.043478261679410934,0.2761597
0.2,0.32015809416770935,0.36715186
0.2,-0.02766798436641693,0.18872859
0.0,0.1304347813129425,0.07191182
0.2,0.20948617160320282,0.17784254
0.0,0.02766798436641693,0.17721346
0.2,-0.003952569328248501,0.13487534
0.5,0.24110671877861023,0.30277306
0.0,0.011857707053422928,0.24596786
0.0,0.23320157825946808,0.16469252
0.0,0.07509881258010864,0.06157154
0.2,0.13833992183208466,0.083591856
0.0,-0.23320157825946808,0.12005346
0.0,0.1462450623512268,0.033648606
0.5,0.6126482486724854,0.7854245
0.2,0.15415020287036896,0.13032168
0.2,0.17786560952663422,0.029026562
0.2,0.2648221254348755,0.4342207
0.0,0.06719367951154709,0.07976185
0.0,-0.15415020287036896,0.02590627
0.0,-0.22529643774032593,0.17384996
0.5,0.22529643774032593,0.73828006
0.0,0.0830039530992508,0.10208755
0.5,0.4150197505950928,0.6802934
0.2,0.12252964079380035,0.11737417
0.0,-0.05928853899240494,0.083774164
0.0,-0.0830039530992508,0.07589469
0.5,0.07509881258010864,0.08829881
0.2,0.0988142266869545,0.076026075
0.0,-0.17786560952663422,0.10034468
0.0,0.24901185929775238,0.15987715
0.2,0.035573121160268784,0.21188383
0.0,-0.12252964079380035,0.08277641
0.0,-0.0830039530992508,0.052857175
0.5,0.28853756189346313,0.4259378
0.0,0.1620553433895111,0.16270389
0.0,-0.0988142266869545,0.038056295
0.2,0.10671936720609665,0.17453176
0.2,-0.05928853899240494,0.1909707
0.2,0.23320157825946808,0.12912959
0.0,-0.003952569328248501,0.25389805
0.0,0.12252964079380035,0.124511905
0.0,-0.13833992183208466,0.11591072
0.0,-0.05138339847326279,0.2571715
0.0,0.10671936720609665,0.084806025
0.0,-0.1462450623512268,0.0560439
0.0,0.05928853899240494,0.4060584
0.5,0.2648221254348755,0.20522773
0.0,-0.13833992183208466,0.09507018
0.0,-0.15415020287036896,0.17629568
0.0,0.0830039530992508,0.13675578
0.5,0.2964426875114441,0.5036051
0.2,0.24110671877861023,0.243869
0.5,0.5098814368247986,0.44061545
0.2,-0.13833992183208466,0.06200368
0.0,0.27272728085517883,0.07633168
0.2,-0.12252964079380035,0.1753432
0.0,0.011857707053422928,0.07280515
0.0,0.0988142266869545,0.05077739
0.2,-0.02766798436641693,0.060905337
0.2,0.05928853899240494,0.12739633
0.0,-0.035573121160268784,0.118253395
0.0,-0.06719367951154709,0.06672616
0.2,0.043478261679410934,0.16608702
0.2,0.05928853899240494,0.070520625
0.0,-0.01976284570991993,0.071291424
0.0,0.05138339847326279,0.044264484
0.2,0.30434781312942505,0.09857251
0.2,0.1146245077252388,0.20992057
0.0,0.1146245077252388,0.07121175
0.0,0.15415020287036896,0.186828
0.5,0.22529643774032593,0.2961298
0.0,0.06719367951154709,0.054858096
0.0,0.17786560952663422,0.23950535
1.0,0.33596837520599365,0.69653064
0.5,0.17786560952663422,0.64916986
0.2,0.1146245077252388,0.2426268
0.0,-0.003952569328248501,0.6401992
0.0,-0.035573121160268784,0.04857607
0.5,0.2964426875114441,0.6815188
0.0,0.05928853899240494,0.031183803
0.2,0.20948617160320282,0.03324108
0.5,0.3122529685497284,0.8139466
0.2,0.043478261679410934,0.21780898
0.5,0.19367589056491852,0.32688135
0.5,0.17786560952663422,0.4587643
0.0,-0.1620553433895111,0.269169
0.5,0.4308300316333771,0.059748534
0.2,-0.09090909361839294,0.095881484
0.2,0.25691699981689453,0.30711675
0.0,0.1304347813129425,0.39940867
0.2,-0.1462450623512268,0.10873087
0.0,0.05138339847326279,0.24500495
0.0,-0.06719367951154709,0.09119658
0.0,-0.3596837818622589,0.11319895
0.0,-0.1620553433895111,0.042159505
0.2,0.30434781312942505,0.07534994
0.2,0.20158103108406067,0.061788134
0.2,0.20948617160320282,0.21790068
0.2,0.2648221254348755,0.18917553
0.2,0.21739129722118378,0.46997076
0.5,0.4466403126716614,0.624389
0.2,0.06719367951154709,0.11673001
0.0,-0.01976284570991993,0.2537227
0.0,-0.07509881258010864,0.11253758
0.0,0.02766798436641693,0.079789214
0.0,0.20158103108406067,0.15202725
0.5,0.0830039530992508,0.33642343
0.0,-0.0830039530992508,0.15042871
0.0,0.003952569328248501,0.17812102
0.5,0.21739129722118378,0.15071909
0.5,0.30434781312942505,0.7468316
0.2,0.15415020287036896,0.4911578
0.5,0.30434781312942505,0.44790468
0.0,-0.02766798436641693,0.08974185
0.0,0.01976284570991993,0.33708018
0.0,-0.15415020287036896,0.12539211
0.0,0.01976284570991993,0.0960789
0.2,0.05928853899240494,0.16357246
0.5,0.5415019989013672,0.7933382
0.0,0.043478261679410934,0.24048251
0.0,-0.18577075004577637,0.16627674
1.0,0.3754940629005432,0.681297
0.2,0.06719367951154709,0.05802454
0.0,-0.1304347813129425,0.17231692
0.0,-0.24110671877861023,0.070320725
0.5,0.24110671877861023,0.24566181
0.0,-0.02766798436641693,0.040959198
0.0,-0.17786560952663422,0.014372219
0.0,0.0830039530992508,0.09054502
0.2,0.01976284570991993,0.04903358
0.0,0.19367589056491852,0.079883225
0.5,0.25691699981689453,0.07742009
0.0,-0.05928853899240494,0.1560768
0.0,-0.19367589056491852,0.29657122
0.2,0.09090909361839294,0.5217442
0.2,0.011857707053422928,0.09927314
0.2,0.02766798436641693,0.23852843
0.2,-0.06719367951154709,0.14589657
0.2,0.0988142266869545,0.104879014
0.2,-0.01976284570991993,0.10049069
0.2,-0.05928853899240494,0.20513824
0.2,-0.035573121160268784,0.086859114
0.2,-0.043478261679410934,0.14379197
0.5,0.3754940629005432,0.5939638
0.2,0.25691699981689453,0.27497032
0.0,0.07509881258010864,0.07725319
0.0,-0.1462450623512268,0.09060467
0.0,-0.09090909361839294,0.0558006
0.2,0.0830039530992508,0.30380896
0.2,0.36758893728256226,0.47171566
0.5,0.30434781312942505,0.83117235
0.2,-0.07509881258010864,0.037807893
0.0,-0.17786560952663422,0.08157042
0.2,0.19367589056491852,0.25519246
0.2,0.20948617160320282,0.13027087
0.5,0.1462450623512268,0.04125755
0.5,0.1304347813129425,0.8144067
0.0,-0.3596837818622589,0.1877202
0.0,-0.20158103108406067,0.33383876
0.2,0.1146245077252388,0.15103422
0.0,-0.07509881258010864,0.09645011
0.2,0.19367589056491852,0.31525138
0.2,0.1462450623512268,0.18803453
0.5,0.0988142266869545,0.13249929
0.0,-0.043478261679410934,0.060716238
0.2,0.035573121160268784,0.095203176
0.2,0.003952569328248501,0.16909944
0.0,-0.043478261679410934,0.3091481
0.0,-0.35177865624427795,0.11422621
0.0,0.011857707053422928,0.07149607
0.2,-0.10671936720609665,0.22908838
0.0,-0.05138339847326279,0.057849824
0.5,0.4308300316333771,0.7830212
0.0,0.003952569328248501,0.04308324
0.0,0.05138339847326279,0.13332884
0.0,0.13833992183208466,0.20646605
0.0,0.0830039530992508,0.13287723
0.2,0.2648221254348755,0.07185051
0.2,0.21739129722118378,0.08554331
0.0,-0.13833992183208466,0.1324365
0.2,0.19367589056491852,0.11359716
0.2,0.05138339847326279,0.039032612
0.0,-0.02766798436641693,0.050687984
0.2,0.19367589056491852,0.071431644
0.2,0.0830039530992508,0.44608477
0.0,-0.003952569328248501,0.10581117
0.2,0.24901185929775238,0.20296487
0.0,0.003952569328248501,0.14541185
0.2,-0.02766798436641693,0.20122391
0.2,-0.01976284570991993,0.13140157
0.2,0.10671936720609665,0.08843809
0.0,0.02766798436641693,0.17925602
0.2,0.09090909361839294,0.21673472
0.2,0.0830039530992508,0.16115941
0.2,0.19367589056491852,0.24024451
0.2,0.3122529685497284,0.1479641
0.2,0.22529643774032593,0.72096044
0.5,0.2806324064731598,0.34068134
0.2,0.043478261679410934,0.09421521
0.0,-0.035573121160268784,0.12587593
0.2,0.06719367951154709,0.12398209
0.0,0.1620553433895111,0.14808255
0.5,0.20948617160320282,0.14496267
0.5,0.4466403126716614,0.83396184
0.0,-0.043478261679410934,0.22631827
0.0,0.0830039530992508,0.34161964
0.5,0.22529643774032593,0.3982913
0.2,-0.1146245077252388,0.10707319
0.2,0.2964426875114441,0.05182611
0.0,-0.01976284570991993,0.0936019
0.0,-0.1146245077252388,0.13344899
0.0,0.10671936720609665,0.091672935
0.2,0.39920949935913086,0.13454835
0.0,0.10671936720609665,0.08098574
0.2,-0.003952569328248501,0.081249356
0.2,0.16996046900749207,0.36305362
0.0,0.10671936720609665,0.09330296
0.0,-0.23320157825946808,0.12684053
0.2,-0.003952569328248501,0.06983569
0.0,0.043478261679410934,0.09450435
0.5,0.4071146249771118,0.91291827
0.2,-0.003952569328248501,0.21265857
0.0,0.01976284570991993,0.100998536
0.2,0.1304347813129425,0.049682405
0.2,0.12252964079380035,0.57542753
0.0,-0.22529643774032593,0.13319539
0.0,0.23320157825946808,0.09991083
0.2,0.24901185929775238,0.050934043
0.2,-0.07509881258010864,0.07972423
0.0,0.17786560952663422,0.23507722
0.2,0.17786560952663422,0.4291822
0.2,0.2964426875114441,0.20651321
0.0,-0.02766798436641693,0.06827827
0.0,0.0988142266869545,0.08206434
0.2,0.32015809416770935,0.15176164
0.2,0.13833992183208466,0.5400367
0.5,0.10671936720609665,0.13549736
0.2,0.3122529685497284,0.055914618
0.0,0.06719367951154709,0.049688023
0.2,-0.10671936720609665,0.12108654
0.5,0.30434781312942505,0.0729257
1.0,0.4387351870536804,0.7790063
1.0,0.23320157825946808,0.84879965
0.5,0.343873530626297,0.3247059
0.0,0.12252964079380035,0.04732434
0.5,0.3280632495880127,0.78643316
0.5,0.39920949935913086,0.7091654
0.2,0.2964426875114441,0.07155812
0.2,0.05138339847326279,0.18754363
0.2,-0.02766798436641693,0.14211404
0.2,0.1462450623512268,0.16737303
0.0,0.0830039530992508,0.16710918
0.2,-0.02766798436641693,0.39695677
0.0,0.035573121160268784,0.23668867
0.0,-0.12252964079380035,0.05843877
0.2,0.27272728085517883,0.09716067
0.2,-0.01976284570991993,0.13287859
0.2,0.0988142266869545,0.20596309
0.0,0.043478261679410934,0.38863435
0.2,0.25691699981689453,0.08634917
0.2,0.19367589056491852,0.289922
1.0,0.4940711557865143,0.8241091
0.0,0.01976284570991993,0.07344824
0.2,0.1620553433895111,0.18837589
0.0,0.09090909361839294,0.055449672
0.0,0.0830039530992508,0.06257671
0.2,0.05138339847326279,0.10067281
0.0,0.1620553433895111,0.0748839
0.0,-0.02766798436641693,0.13564037
0.0,-0.23320157825946808,0.13906421
0.2,0.4387351870536804,0.118768826
0.2,0.011857707053422928,0.19747859
0.2,0.003952569328248501,0.33587664
0.0,-0.05138339847326279,0.11085945
0.2,0.2964426875114441,0.48797294
0.0,-0.15415020287036896,0.046917476
0.0,0.035573121160268784,0.154745
0.0,-0.1304347813129425,0.058949817
0.2,0.25691699981689453,0.115362816
0.2,0.05138339847326279,0.6593952
0.0,-0.05928853899240494,0.07357503
0.2,-0.02766798436641693,0.30531773
0.0,0.1620553433895111,0.14333865
0.0,-0.06719367951154709,0.12177373
0.2,0.25691699981689453,0.07234375
0.2,0.30434781312942505,0.18267472
0.0,0.10671936720609665,0.0938004
0.2,0.17786560952663422,0.13449405
0.5,0.4545454680919647,0.6508689
0.2,-0.05928853899240494,0.09581974
0.0,-0.0830039530992508,0.03466209
0.5,0.47826087474823,0.8371146
0.2,0.23320157825946808,0.09642315
0.0,0.043478261679410934,0.013362174
0.0,0.09090909361839294,0.052271083
0.2,0.23320157825946808,0.4627761
0.2,0.2648221254348755,0.24169
0.2,0.0830039530992508,0.25793967
0.2,0.343873530626297,0.34539688
0.5,0.0988142266869545,0.2662618
0.2,0.19367589056491852,0.15468587
0.2,0.01976284570991993,0.7165938
0.2,-0.10671936720609665,0.06668257
0.0,0.05928853899240494,0.11345639
0.0,-0.05138339847326279,0.04909193
0.0,0.1304347813129425,0.23240241
0.0,0.07509881258010864,0.20431902
0.2,0.20948617160320282,0.156202
0.2,0.27272728085517883,0.29257163
0.0,0.1620553433895111,0.12052941
0.0,0.1620553433895111,0.18432942
0.2,0.19367589056491852,0.23469327
0.0,0.05928853899240494,0.25560716
0.5,0.22529643774032593,0.2102685
0.2,0.13833992183208466,0.08614596
0.5,0.4308300316333771,0.8856826
0.2,0.2806324064731598,0.27241516
0.0,-0.01976284570991993,0.064002715
0.0,-0.24901185929775238,0.10434071
0.0,0.05928853899240494,0.1888203
0.0,0.07509881258010864,0.0737074
0.0,0.06719367951154709,0.07071226
0.5,0.23320157825946808,0.081503354
0.5,0.0830039530992508,0.6224812
0.5,0.2648221254348755,0.73971194
0.2,0.16996046900749207,0.12869722
0.0,0.20158103108406067,0.04468589
0.0,-0.06719367951154709,0.16280164
1.0,0.32015809416770935,0.77582175
0.2,0.24901185929775238,0.14593388
0.5,0.19367589056491852,0.79680127
0.5,0.0988142266869545,0.29920852
0.0,-0.24901185929775238,0.13316411
0.5,0.10671936720609665,0.11611353
0.0,0.05138339847326279,0.091292046
0.0,0.0830039530992508,0.06698766
0.2,0.07509881258010864,0.2784744
0.0,-0.09090909361839294,0.106886856
0.2,0.3913043439388275,0.4528656
0.5,0.32015809416770935,0.55533576
0.0,0.06719367951154709,0.20369725
0.2,0.035573121160268784,0.15500942
0.0,-0.09090909361839294,0.020960733
0.2,-0.1462450623512268,0.106613636
0.5,0.36758893728256226,0.7003947
0.0,-0.05928853899240494,0.15145065
0.0,-0.035573121160268784,0.13834742
0.2,0.17786560952663422,0.45877826
0.2,-0.003952569328248501,0.6779031
0.2,0.4071146249771118,0.34605172
0.5,0.20948617160320282,0.7172217
0.5,0.19367589056491852,0.5206432
0.0,0.01976284570991993,0.09937351
0.0,0.06719367951154709,0.0819268
0.0,0.035573121160268784,0.12680218
0.0,0.17786560952663422,0.20155318
0.0,0.07509881258010864,0.07217496
0.2,0.1304347813129425,0.10608254
0.2,0.043478261679410934,0.2737567
0.2,0.06719367951154709,0.08785082
0.5,0.10671936720609665,0.1298465
0.0,0.043478261679410934,0.18742082
0.2,0.07509881258010864,0.14495054
0.0,0.035573121160268784,0.04320985
0.0,-0.011857707053422928,0.25877237
0.5,0.38339921832084656,0.19320571
0.0,0.003952569328248501,0.14279565
0.5,0.32015809416770935,0.7128431
0.0,0.035573121160268784,0.036747113
0.0,-0.09090909361839294,0.11989456
0.2,0.0830039530992508,0.18940385
0.2,0.035573121160268784,0.21906503
0.0,0.01976284570991993,0.12453731
0.0,0.01976284570991993,0.07017543
0.0,0.1304347813129425,0.10167848
0.0,-0.043478261679410934,0.03555132
0.5,0.05928853899240494,0.39426973
0.0,0.05928853899240494,0.37061885
0.5,0.5019763112068176,0.5878862
0.0,-0.16996046900749207,0.09933903
0.5,0.05138339847326279,0.28596252
0.2,0.4624505937099457,0.11959648
0.5,0.5573122501373291,0.7950774
0.2,0.1620553433895111,0.34948748
0.2,0.01976284570991993,0.099358365
0.2,0.01976284570991993,0.07057386
0.0,-0.1462450623512268,0.070533395
0.5,0.4466403126716614,0.67642176
0.0,-0.0988142266869545,0.096922316
0.0,0.003952569328248501,0.11605353
0.0,0.02766798436641693,0.14085881
0.0,-0.043478261679410934,0.024619814
0.5,0.09090909361839294,0.42647582
0.2,0.05138339847326279,0.6184825
0.0,0.043478261679410934,0.117568746
0.2,0.27272728085517883,0.1545879
0.5,0.3913043439388275,0.6321058
0.2,-0.05138339847326279,0.09853697
0.2,0.0830039530992508,0.19275884
0.0,0.003952569328248501,0.0705314
0.0,-0.2648221254348755,0.14603214
0.2,0.22529643774032593,0.10565642
0.5,0.0988142266869545,0.12977335
0.0,-0.05138339847326279,0.044841338
0.0,0.18577075004577637,0.20463046
0.0,-0.2964426875114441,0.08010711
0.0,-0.06719367951154709,0.19799563
0.2,0.1304347813129425,0.12206108
0.0,-0.02766798436641693,0.07499189
0.0,0.01976284570991993,0.06862427
0.2,0.06719367951154709,0.25929272
0.0,-0.05928853899240494,0.08594243
0.0,-0.003952569328248501,0.17150712
0.0,-0.035573121160268784,0.37556407
0.2,0.16996046900749207,0.1595918
0.0,0.1462450623512268,0.17140582
0.2,0.05928853899240494,0.17846906
0.5,0.18577075004577637,0.24011074
0.5,0.38339921832084656,0.83252275
0.0,-0.035573121160268784,0.061441306
0.2,0.16996046900749207,0.19004275
0.2,0.0988142266869545,0.14195195
0.2,0.28853756189346313,0.31427678
0.2,0.0830039530992508,0.16241501
0.0,-0.1620553433895111,0.1274666
0.0,-0.15415020287036896,0.05629344
0.0,0.043478261679410934,0.064135745
1.0,0.28853756189346313,0.5222175
0.5,0.25691699981689453,0.06631815
0.2,0.09090909361839294,0.046975035
0.0,0.011857707053422928,0.14881851
0.0,-0.06719367951154709,0.061848164
0.2,0.035573121160268784,0.23858395
0.0,0.0830039530992508,0.27698258
0.2,0.1304347813129425,0.17267105
0.0,0.02766798436641693,0.064723745
0.0,0.035573121160268784,0.10506962
0.0,0.02766798436641693,0.041150782
0.5,0.24110671877861023,0.06513167
0.2,0.32015809416770935,0.76972336
0.0,-0.003952569328248501,0.11467339
0.0,-0.06719367951154709,0.024863055
0.2,0.4150197505950928,0.6299996
0.2,0.18577075004577637,0.32316536
0.0,-0.07509881258010864,0.14094003
0.2,0.15415020287036896,0.57717204
0.2,0.06719367951154709,0.018523473
0.0,-0.1304347813129425,0.03175325
0.2,-0.0830039530992508,0.124590315
0.0,-0.05928853899240494,0.23014085
0.2,0.13833992183208466,0.12283721
0.2,0.15415020287036896,0.28241956
0.2,0.20948617160320282,0.1297346
0.2,-0.06719367951154709,0.07046366
0.0,-0.035573121160268784,0.057067063
0.2,0.2648221254348755,0.20500071
0.2,0.17786560952663422,0.046817202
0.0,0.05138339847326279,0.28022683
0.5,0.17786560952663422,0.6218889
0.0,-0.003952569328248501,0.17299962
0.5,0.4229249060153961,0.06645821
0.2,0.15415020287036896,0.27461585
0.0,-0.043478261679410934,0.12765363
0.0,-0.1462450623512268,0.17382441
0.5,0.21739129722118378,0.170835
0.2,0.0830039530992508,0.17393176
0.2,0.1146245077252388,0.17884026
0.0,-0.13833992183208466,0.07056118
0.2,-0.1146245077252388,0.080130875
0.2,0.23320157825946808,0.31224194
0.5,0.3280632495880127,0.2029883
0.0,0.10671936720609665,0.16737115
0.2,0.2964426875114441,0.055115167
0.0,0.043478261679410934,0.3389635
0.0,0.003952569328248501,0.05868985
0.2,-0.035573121160268784,0.18741602
1.0,0.33596837520599365,0.7190544
1.0,0.5177865624427795,0.7876775
0.0,0.09090909361839294,0.15361916
0.2,0.05928853899240494,0.22587724
0.5,0.2648221254348755,0.4578816
0.2,0.1620553433895111,0.05961955
0.2,-0.003952569328248501,0.11598526
0.0,0.1146245077252388,0.06450152
0.0,-0.18577075004577637,0.05351153
0.0,-0.035573121160268784,0.10353322
0.0,-0.17786560952663422,0.11492626
0.5,0.24901185929775238,0.7449783
0.2,-0.13833992183208466,0.13081867
0.0,-0.1146245077252388,0.08641071
0.0,-0.05138339847326279,0.1207632
0.2,0.1146245077252388,0.1310599
0.2,0.20158103108406067,0.16333538
0.2,-0.003952569328248501,0.049067985
0.0,-0.15415020287036896,0.13560432
0.2,-0.043478261679410934,0.07127133
0.2,-0.1146245077252388,0.15811808
0.2,0.1304347813129425,0.4934473
0.5,0.17786560952663422,0.78969777
0.0,-0.043478261679410934,0.012093952
0.0,-0.035573121160268784,0.04003232
0.2,0.30434781312942505,0.39379987
0.0,-0.2648221254348755,0.16718617
0.0,0.0830039530992508,0.07739331
0.0,-0.1146245077252388,0.061237566
0.5,0.1620553433895111,0.44532886
0.0,0.0830039530992508,0.11735377
0.0,0.011857707053422928,0.094680876
0.5,0.28853756189346313,0.70813423
0.2,0.1146245077252388,0.056489132
0.2,0.4308300316333771,0.87418425
0.5,0.47826087474823,0.21844086
0.2,0.05928853899240494,0.19715342
0.0,-0.0830039530992508,0.07196101
0.0,0.0830039530992508,0.17104684
0.0,-0.02766798436641693,0.13846576
0.0,-0.1462450623512268,0.019685706
0.0,0.1304347813129425,0.14055566
0.5,0.5652173757553101,0.7780903
0.2,0.01976284570991993,0.13657127
0.0,0.05138339847326279,0.05638601
0.2,0.1304347813129425,0.115269415
0.2,-0.1620553433895111,0.14550409
0.2,-0.043478261679410934,0.04571574
0.0,-0.24901185929775238,0.08220225
0.2,0.4466403126716614,0.48876908
0.2,0.28853756189346313,0.30952466
0.0,-0.1304347813129425,0.12335376
0.2,-0.0830039530992508,0.10268631
0.2,-0.01976284570991993,0.07479273
0.2,-0.0830039530992508,0.094507344
0.0,0.07509881258010864,0.087640084
0.2,-0.20948617160320282,0.27083242
0.0,0.01976284570991993,0.17629243
0.2,0.16996046900749207,0.5137199
0.0,-0.1620553433895111,0.10296691
0.0,0.011857707053422928,0.13849168
0.0,-0.1146245077252388,0.15514489
1.0,0.4308300316333771,0.67889327
0.2,0.3122529685497284,0.6181187
0.2,-0.07509881258010864,0.18445393
0.2,0.011857707053422928,0.06770986
0.5,0.01976284570991993,0.18503882
0.0,-0.06719367951154709,0.21368653
0.2,0.0830039530992508,0.0945184
0.0,0.15415020287036896,0.0665751
0.0,0.23320157825946808,0.13442571
0.0,0.0830039530992508,0.1543818
0.0,-0.17786560952663422,0.09906092
0.0,0.06719367951154709,0.026177017
0.2,0.13833992183208466,0.036112905
0.0,-0.011857707053422928,0.22804679
0.0,-0.10671936720609665,0.17075093
0.2,-0.18577075004577637,0.1070772
0.5,0.1146245077252388,0.44247764
0.5,0.4940711557865143,0.8157186
0.0,-0.1304347813129425,0.10270232
0.5,0.18577075004577637,0.64669436
0.0,-0.043478261679410934,0.08048347
0.0,-0.20948617160320282,0.13377394
0.0,0.12252964079380035,0.1589253
0.0,-0.1304347813129425,0.11638549
0.5,0.16996046900749207,0.26720244
0.0,-0.13833992183208466,0.12559493
0.0,0.035573121160268784,0.11995462
0.0,0.02766798436641693,0.10030775
0.2,0.27272728085517883,0.041481428
0.0,-0.3754940629005432,0.03618204
0.2,0.20948617160320282,0.12657924
0.0,-0.0830039530992508,0.119051516
0.2,0.035573121160268784,0.15232128
0.0,-0.15415020287036896,0.19655003
0.5,0.17786560952663422,0.6396354
0.2,0.011857707053422928,0.053496607
0.0,0.18577075004577637,0.17589372
0.5,0.2806324064731598,0.13970105
0.0,0.10671936720609665,0.124283396
0.2,0.0988142266869545,0.33851707
0.2,0.20948617160320282,0.54548657
0.2,-0.06719367951154709,0.68108433
0.2,0.1146245077252388,0.33630824
0.2,-0.011857707053422928,0.12555802
0.0,-0.01976284570991993,0.10110234
0.2,0.1146245077252388,0.034792546
0.0,-0.20158103108406067,0.1617074
0.0,-0.011857707053422928,0.10322384
0.2,0.19367589056491852,0.2384476
0.0,-0.011857707053422928,0.19685665
0.0,-0.12252964079380035,0.11858496
0.0,0.22529643774032593,0.30897126
0.5,0.0988142266869545,0.08290528
0.2,0.22529643774032593,0.13032676
0.5,0.25691699981689453,0.6546567
0.2,-0.05138339847326279,0.14323765
0.0,-0.035573121160268784,0.073648825
0.2,0.1304347813129425,0.26768607
0.2,0.01976284570991993,0.15305054
0.0,0.003952569328248501,0.16430658
0.2,0.05138339847326279,0.04189824
0.2,0.05138339847326279,0.5786111
0.2,0.2648221254348755,0.14555018
0.2,-0.003952569328248501,0.66098064
0.0,-0.22529643774032593,0.10858346
0.2,0.09090909361839294,0.24404502
0.2,-0.18577075004577637,0.08358179
0.0,-0.1462450623512268,0.07012414
1.0,0.4229249060153961,0.0846867
0.5,0.12252964079380035,0.35145745
0.0,0.21739129722118378,0.03810533
0.5,0.4150197505950928,0.8224631
0.0,0.01976284570991993,0.14019015
0.0,-0.09090909361839294,0.03640327
0.0,-0.043478261679410934,0.19448477
0.2,-0.043478261679410934,0.639953
0.2,-0.003952569328248501,0.0748633
0.0,0.035573121160268784,0.102341145
0.0,0.0830039530992508,0.191187
1.0,0.2964426875114441,0.6803106
0.0,-0.06719367951154709,0.07565699
0.2,0.035573121160268784,0.6662558
0.0,-0.12252964079380035,0.059036244
0.0,0.09090909361839294,0.15775132
0.5,0.01976284570991993,0.68932486
0.0,0.1462450623512268,0.14386506
0.2,-0.043478261679410934,0.1988327
0.2,0.003952569328248501,0.08354156
0.2,-0.12252964079380035,0.22183847
0.2,0.20948617160320282,0.19842954
0.2,0.0988142266869545,0.14580667
0.2,0.343873530626297,0.054943934
0.2,0.01976284570991993,0.15977608
0.0,0.01976284570991993,0.1840224
0.2,0.02766798436641693,0.19452938
0.2,0.09090909361839294,0.08729497
0.0,-0.1304347813129425,0.17348398
0.0,0.18577075004577637,0.14980172
0.0,-0.09090909361839294,0.16802861
0.2,0.02766798436641693,0.08393877
0.2,-0.01976284570991993,0.1310447
0.0,0.043478261679410934,0.06316674
0.2,0.05138339847326279,0.23137549
0.2,-0.011857707053422928,0.13897258
0.0,-0.0988142266869545,0.110424824
1.0,0.24901185929775238,0.4671597
0.0,-0.19367589056491852,0.059462838
0.0,-0.01976284570991993,0.058656856
0.5,0.2648221254348755,0.13818203
0.0,0.043478261679410934,0.23677297
0.0,-0.22529643774032593,0.09316255
0.2,0.02766798436641693,0.13861683
0.2,0.13833992183208466,0.576526
0.0,-0.01976284570991993,0.11491502
0.2,-0.0988142266869545,0.23164617
0.0,-0.003952569328248501,0.109551
0.2,0.05138339847326279,0.34382957
0.0,-0.1462450623512268,0.14745928
0.0,-0.19367589056491852,0.09973912
0.5,0.07509881258010864,0.26880452
0.2,0.20948617160320282,0.73582566
0.2,0.4940711557865143,0.6896767
0.0,-0.0988142266869545,0.09976361
0.2,0.035573121160268784,0.022866368
0.2,0.23320157825946808,0.17402427
0.0,-0.17786560952663422,0.09801801
1.0,0.24110671877861023,0.74252963
0.2,-0.10671936720609665,0.20037407
0.0,0.05928853899240494,0.037909772
0.2,0.13833992183208466,0.07781547
0.5,0.01976284570991993,0.41314527
0.0,-0.21739129722118378,0.14143962
0.0,-0.07509881258010864,0.3499826
0.0,0.02766798436641693,0.07017977
0.0,-0.07509881258010864,0.09912764
0.2,0.1146245077252388,0.14551789
0.2,0.05928853899240494,0.20068452
0.0,-0.1304347813129425,0.085857734
0.0,0.0988142266869545,0.06724025
0.5,0.24110671877861023,0.44994313
0.0,-0.01976284570991993,0.047945827
0.0,-0.20948617160320282,0.08673779
0.2,0.27272728085517883,0.12895696
0.2,0.05138339847326279,0.22809902
0.0,0.0988142266869545,0.105932884
0.5,0.15415020287036896,0.07696776
0.2,-0.05928853899240494,0.37455952
0.2,0.09090909361839294,0.06577254
0.0,-0.09090909361839294,0.052067187
0.0,0.01976284570991993,0.16768025
0.0,0.05928853899240494,0.08516251
0.2,0.24901185929775238,0.17930768
0.2,0.07509881258010864,0.3401926
0.0,0.1462450623512268,0.2438394
0.0,-0.1146245077252388,0.11897562
0.5,0.38339921832084656,0.8135462
0.2,-0.035573121160268784,0.1380461
0.2,0.20158103108406067,0.046278197
0.2,0.2648221254348755,0.057806455
0.0,-0.06719367951154709,0.14265406
0.2,0.02766798436641693,0.21164088
0.2,0.05928853899240494,0.20723604
0.2,0.21739129722118378,0.16034523
0.2,0.19367589056491852,0.088974506
0.2,0.24110671877861023,0.08004579
0.5,0.4150197505950928,0.18012157
0.2,0.07509881258010864,0.07495594
0.0,-0.15415020287036896,0.32625186
0.0,0.10671936720609665,0.4078546
0.0,-0.09090909361839294,0.085764185
0.0,-0.01976284570991993,0.32396042
0.2,-0.05138339847326279,0.16391785
0.2,-0.003952569328248501,0.31862932
0.0,0.16996046900749207,0.11744687
0.0,-0.05138339847326279,0.07604477
0.0,-0.22529643774032593,0.04491005
0.2,0.01976284570991993,0.22824517
0.2,0.24110671877861023,0.07505102
0.0,-0.12252964079380035,0.17243016
0.0,-0.2806324064731598,0.12412252
0.0,0.10671936720609665,0.08179224
0.2,0.25691699981689453,0.69290304
0.0,0.1304347813129425,0.045117717
0.0,0.05928853899240494,0.106732346
0.2,0.011857707053422928,0.16514488
0.2,-0.05138339847326279,0.15066408
0.2,-0.28853756189346313,0.17339239
0.5,0.1304347813129425,0.67444676
1.0,0.4940711557865143,0.7323341
0.2,0.01976284570991993,0.16171767
0.0,-0.19367589056491852,0.10309978
0.0,0.07509881258010864,0.14030038
0.2,-0.01976284570991993,0.069079004
0.2,-0.1462450623512268,0.06528303
0.2,0.02766798436641693,0.20758311
0.5,0.28853756189346313,0.12233806
0.2,-0.043478261679410934,0.11449681
0.0,-0.09090909361839294,0.08545853
0.0,0.01976284570991993,0.21539645
0.0,-0.13833992183208466,0.057911854
0.2,0.12252964079380035,0.10559111
0.2,-0.02766798436641693,0.19455571
1.0,0.343873530626297,0.7420447
0.2,0.32015809416770935,0.06530021
0.0,0.20948617160320282,0.14014724
0.2,0.043478261679410934,0.13478486
0.0,0.01976284570991993,0.1546184
0.0,0.10671936720609665,0.06436982
0.2,0.13833992183208466,0.020069651
0.2,0.043478261679410934,0.22632706
0.2,-0.1620553433895111,0.25706914
0.0,-0.2648221254348755,0.08271876
0.5,0.2964426875114441,0.1963413
0.5,0.28853756189346313,0.6178971
0.2,0.2964426875114441,0.20207384
0.0,-0.003952569328248501,0.21199585
0.2,0.24110671877861023,0.04350618
0.5,0.19367589056491852,0.667523
0.0,-0.0830039530992508,0.072256826
0.0,0.09090909361839294,0.13567662
0.5,0.4150197505950928,0.059336856
